"electricity consumption per capita_(4244.0286, 48501.33]_0","If a country *has a medium or low electricity consumption per capita (<4200kWh)*, what is the chance (or probability) that it won at least one gold medal in the last Olympics? Give your best guess (between 0 and 1)."
"electricity consumption per capita_(4244.0286, 48501.33]_1","If a country *has a high electricity consumption per capita (>4200kWh)*, what is the chance (or probability) that it won at least one gold medal in the last Olympics? Give your best guess (between 0 and 1)."
"electricity consumption per capita_(4244.0286, 48501.33]",What is the ratio of countries *having a high electricity consumption per capita (>4200kWh)*? Give your best guess (between 0 and 1).
"internet users_[14400, 1167666.667]_0","If a country *has a medium or high number of Internet users (>1,168,000)*, what is the chance (or probability) that it won at least one gold medal in the last Olympics? Give your best guess (between 0 and 1)."
"internet users_[14400, 1167666.667]_1","If a country *has a low number of Internet users (<1,168,000)*, what is the chance (or probability) that it won at least one gold medal in the last Olympics? Give your best guess (between 0 and 1)."
"internet users_[14400, 1167666.667]","What is the ratio of countries *having a low number of Internet users (<1,168,000)*? Give your best guess (between 0 and 1)."
