,"Dalc_(0.996, 2.333]","Dalc_(2.333, 3.667]","Dalc_(3.667, 5]","Fedu_(-0.004, 1.333]","Fedu_(1.333, 2.667]","Fedu_(2.667, 4]",Fjob_at_home,Fjob_health,Fjob_other,Fjob_services,Fjob_teacher,G3,"Medu_(-0.004, 1.333]","Medu_(1.333, 2.667]","Medu_(2.667, 4]",Mjob_at_home,Mjob_health,Mjob_other,Mjob_services,Mjob_teacher,Pstatus==T,"Walc_(0.996, 2.333]","Walc_(2.333, 3.667]","Walc_(3.667, 5]","absences_(-0.032, 10.667]","absences_(10.667, 21.333]","absences_(21.333, 32]",activities==yes,address==U,"age_(14.993, 17.333]","age_(17.333, 19.667]","age_(19.667, 22]","failures_(-0.003, 1]","failures_(1, 2]","failures_(2, 3]","famrel_(0.996, 2.333]","famrel_(2.333, 3.667]","famrel_(3.667, 5]",famsize==LE3,famsup==yes,"freetime_(0.996, 2.333]","freetime_(2.333, 3.667]","freetime_(3.667, 5]","goout_(0.996, 2.333]","goout_(2.333, 3.667]","goout_(3.667, 5]",guardian_father,guardian_mother,guardian_other,"health_(0.996, 2.333]","health_(2.333, 3.667]","health_(3.667, 5]",higher==yes,internet==yes,nursery==yes,paid==yes,reason_course,reason_home,reason_other,reason_reputation,romantic==yes,school==MS,schoolsup==yes,sex==M,"studytime_(0.997, 2]","studytime_(2, 3]","studytime_(3, 4]","traveltime_(0.997, 2]","traveltime_(2, 3]","traveltime_(3, 4]"
"Dalc_(0.996, 2.333]",0,0,0,0,0,0,0,0,0,0,0,0,0,0,0,0,0,0,0,0,0,0,0,0,0,0,0,0,0,0,0,0,0,0,0,0,0,0,0,0,0,0,0,0,0,0,0,0,0,0,0,0,0,0,0,0,0,0,0,0,0,0,0,0,0,0,0,0,0,0
"Dalc_(2.333, 3.667]",-0.7260233149441738 (p=0.000),0,0,0,0,0,0,0,0,0,0,0,0,0,0,0,0,0,0,0,0,0,0,0,0,0,0,0,0,0,0,0,0,0,0,0,0,0,0,0,0,0,0,0,0,0,0,0,0,0,0,0,0,0,0,0,0,0,0,0,0,0,0,0,0,0,0,0,0,0
"Dalc_(3.667, 5]",-0.640847290475383 (p=0.000),-0.0626325099889905 (p=0.017),0,0,0,0,0,0,0,0,0,0,0,0,0,0,0,0,0,0,0,0,0,0,0,0,0,0,0,0,0,0,0,0,0,0,0,0,0,0,0,0,0,0,0,0,0,0,0,0,0,0,0,0,0,0,0,0,0,0,0,0,0,0,0,0,0,0,0,0
"Fedu_(-0.004, 1.333]",-0.0268332552957025 (p=0.306),0.013920184595177595 (p=0.596),0.023404372417361475 (p=0.372),0,0,0,0,0,0,0,0,0,0,0,0,0,0,0,0,0,0,0,0,0,0,0,0,0,0,0,0,0,0,0,0,0,0,0,0,0,0,0,0,0,0,0,0,0,0,0,0,0,0,0,0,0,0,0,0,0,0,0,0,0,0,0,0,0,0,0
"Fedu_(1.333, 2.667]",0.038716656485421254 (p=0.140),-0.051009201036988125 (p=0.052),0.0007525536078706767 (p=0.977),-0.42861085492234674 (p=0.000),0,0,0,0,0,0,0,0,0,0,0,0,0,0,0,0,0,0,0,0,0,0,0,0,0,0,0,0,0,0,0,0,0,0,0,0,0,0,0,0,0,0,0,0,0,0,0,0,0,0,0,0,0,0,0,0,0,0,0,0,0,0,0,0,0,0
"Fedu_(2.667, 4]",-0.0123688233211744 (p=0.637),0.035923000951293575 (p=0.171),-0.022150757165914924 (p=0.399),-0.506796888002718 (p=0.000),-0.5616482154771952 (p=0.000),0,0,0,0,0,0,0,0,0,0,0,0,0,0,0,0,0,0,0,0,0,0,0,0,0,0,0,0,0,0,0,0,0,0,0,0,0,0,0,0,0,0,0,0,0,0,0,0,0,0,0,0,0,0,0,0,0,0,0,0,0,0,0,0,0
Fjob_at_home,0.03840751237748761 (p=0.143),0.005470532242525764 (p=0.835),-0.06184893137485234 (p=0.018),0.07383112964502536 (p=0.005),0.033168594498126064 (p=0.206),-0.0992592009091418 (p=0.000),0,0,0,0,0,0,0,0,0,0,0,0,0,0,0,0,0,0,0,0,0,0,0,0,0,0,0,0,0,0,0,0,0,0,0,0,0,0,0,0,0,0,0,0,0,0,0,0,0,0,0,0,0,0,0,0,0,0,0,0,0,0,0,0
Fjob_health,-0.006989050945759872 (p=0.790),0.01595279759225166 (p=0.543),-0.007665200865138396 (p=0.770),-0.11920462677098091 (p=0.000),-0.07859871886248558 (p=0.003),0.18415749474884674 (p=0.000),-0.05042048873597442 (p=0.055),0,0,0,0,0,0,0,0,0,0,0,0,0,0,0,0,0,0,0,0,0,0,0,0,0,0,0,0,0,0,0,0,0,0,0,0,0,0,0,0,0,0,0,0,0,0,0,0,0,0,0,0,0,0,0,0,0,0,0,0,0,0,0
Fjob_other,0.05327696474257759 (p=0.042),-0.04143946509323059 (p=0.114),-0.03106227386470925 (p=0.236),0.11538909714601484 (p=0.000),0.08524274236789545 (p=0.001),-0.18700280293127863 (p=0.000),-0.30008119293400204 (p=0.000),-0.21866799828050992 (p=0.000),0,0,0,0,0,0,0,0,0,0,0,0,0,0,0,0,0,0,0,0,0,0,0,0,0,0,0,0,0,0,0,0,0,0,0,0,0,0,0,0,0,0,0,0,0,0,0,0,0,0,0,0,0,0,0,0,0,0,0,0,0,0
Fjob_services,-0.10120999648446179 (p=0.000),0.06917522925738101 (p=0.008),0.06966661921594298 (p=0.008),-0.04964112008310903 (p=0.059),0.005234561182535203 (p=0.842),0.04046461639101034 (p=0.123),-0.16358619864805676 (p=0.000),-0.1192046267709809 (p=0.000),-0.7094549755755579 (p=0.000),0,0,0,0,0,0,0,0,0,0,0,0,0,0,0,0,0,0,0,0,0,0,0,0,0,0,0,0,0,0,0,0,0,0,0,0,0,0,0,0,0,0,0,0,0,0,0,0,0,0,0,0,0,0,0,0,0,0,0,0,0
Fjob_teacher,0.04727947211326848 (p=0.072),-0.06455337139004794 (p=0.014),0.003444873000049905 (p=0.896),-0.13569766873192315 (p=0.000),-0.16701974563595817 (p=0.000),0.2836281530113947 (p=0.000),-0.06374576139165171 (p=0.015),-0.04645128841994833 (p=0.077),-0.2764582095856217 (p=0.000),-0.15070837045461247 (p=0.000),0,0,0,0,0,0,0,0,0,0,0,0,0,0,0,0,0,0,0,0,0,0,0,0,0,0,0,0,0,0,0,0,0,0,0,0,0,0,0,0,0,0,0,0,0,0,0,0,0,0,0,0,0,0,0,0,0,0,0,0
G3,0.18429718445429713 (p=0.000),-0.1373532754295003 (p=0.000),-0.11414423913222128 (p=0.000),-0.17950759996450377 (p=0.000),-0.04012392045263328 (p=0.126),0.2026695536725233 (p=0.000),-0.05677645191203257 (p=0.030),0.04457312809581491 (p=0.089),-0.017383936175280307 (p=0.508),-0.034820801223228594 (p=0.184),0.13088906770625955 (p=0.000),0,0,0,0,0,0,0,0,0,0,0,0,0,0,0,0,0,0,0,0,0,0,0,0,0,0,0,0,0,0,0,0,0,0,0,0,0,0,0,0,0,0,0,0,0,0,0,0,0,0,0,0,0,0,0,0,0,0,0
"Medu_(-0.004, 1.333]",-0.06029771016032824 (p=0.022),0.04607309227632895 (p=0.079),0.03607902864438587 (p=0.169),0.4774786332968856 (p=0.000),-0.0704353921826098 (p=0.007),-0.37004815198382157 (p=0.000),0.12445792434885579 (p=0.000),-0.10463690452769224 (p=0.000),0.027662523262152204 (p=0.292),-0.0045317104212090065 (p=0.863),-0.10027848182246737 (p=0.000),-0.21228521475979528 (p=0.000),0,0,0,0,0,0,0,0,0,0,0,0,0,0,0,0,0,0,0,0,0,0,0,0,0,0,0,0,0,0,0,0,0,0,0,0,0,0,0,0,0,0,0,0,0,0,0,0,0,0,0,0,0,0,0,0,0,0
"Medu_(1.333, 2.667]",0.09555559533044168 (p=0.000),-0.08663429480166127 (p=0.001),-0.04197009337559957 (p=0.110),0.0009600739163896797 (p=0.971),0.29974916307104915 (p=0.000),-0.2868852801175345 (p=0.000),-0.055915901730917345 (p=0.033),-0.04776699701895518 (p=0.069),0.08812898583133218 (p=0.001),0.023755975321398292 (p=0.365),-0.13871119504510038 (p=0.000),-0.01868867536072514 (p=0.476),-0.3459984144584703 (p=0.000),0,0,0,0,0,0,0,0,0,0,0,0,0,0,0,0,0,0,0,0,0,0,0,0,0,0,0,0,0,0,0,0,0,0,0,0,0,0,0,0,0,0,0,0,0,0,0,0,0,0,0,0,0,0,0,0,0
"Medu_(2.667, 4]",-0.03571530426480705 (p=0.173),0.03961420864306807 (p=0.131),0.007612091011518113 (p=0.772),-0.4027009963347327 (p=0.000),-0.2119411032025231 (p=0.000),0.5709999727775512 (p=0.000),-0.054146674758807405 (p=0.039),0.1312797045087203 (p=0.000),-0.10302040409208184 (p=0.000),-0.017681002890660272 (p=0.500),0.20989944586366086 (p=0.000),0.19556293283507226 (p=0.000),-0.5285067672084007 (p=0.000),-0.6136325620291224 (p=0.000),0,0,0,0,0,0,0,0,0,0,0,0,0,0,0,0,0,0,0,0,0,0,0,0,0,0,0,0,0,0,0,0,0,0,0,0,0,0,0,0,0,0,0,0,0,0,0,0,0,0,0,0,0,0,0,0
Mjob_at_home,0.0001989760771555094 (p=0.994),-0.014415891033098894 (p=0.583),0.015804145928230148 (p=0.547),0.1976590142694455 (p=0.000),-0.028229203283523012 (p=0.282),-0.15407260072280698 (p=0.000),0.1429392626380414 (p=0.000),-0.05716874049228922 (p=0.029),0.005050539115434036 (p=0.847),-0.013969434095458368 (p=0.594),-0.09102569084844561 (p=0.001),-0.21610390339797975 (p=0.000),0.352088103831548 (p=0.000),0.010995716002465081 (p=0.675),-0.3062563256946194 (p=0.000),0,0,0,0,0,0,0,0,0,0,0,0,0,0,0,0,0,0,0,0,0,0,0,0,0,0,0,0,0,0,0,0,0,0,0,0,0,0,0,0,0,0,0,0,0,0,0,0,0,0,0,0,0,0,0
Mjob_health,0.04906689517242115 (p=0.061),-0.004267342167256762 (p=0.871),-0.0664485155510944 (p=0.011),-0.09697905793949545 (p=0.000),-0.03096730071222935 (p=0.238),0.11835670004129263 (p=0.000),-0.050407094966426876 (p=0.055),0.2324312112524548 (p=0.000),-0.07296772310650208 (p=0.005),0.021180032053118844 (p=0.420),-0.017042335600269517 (p=0.516),0.07393038618827891 (p=0.005),-0.1262748109632436 (p=0.000),-0.1140178464167989 (p=0.000),0.2094343004108266 (p=0.000),-0.14483339381904434 (p=0.000),0,0,0,0,0,0,0,0,0,0,0,0,0,0,0,0,0,0,0,0,0,0,0,0,0,0,0,0,0,0,0,0,0,0,0,0,0,0,0,0,0,0,0,0,0,0,0,0,0,0,0,0,0,0
Mjob_other,0.01567742319416814 (p=0.550),-0.026506396197151467 (p=0.312),0.0068368239993837855 (p=0.794),0.10563596450429434 (p=0.000),0.09376443246927064 (p=0.000),-0.1862022905527872 (p=0.000),-0.03450808239003401 (p=0.188),-0.10461571301685922 (p=0.000),0.23567781316315817 (p=0.000),-0.15413222962183162 (p=0.000),-0.08681209333103143 (p=0.001),0.004153907043001214 (p=0.874),0.08809401876728964 (p=0.001),0.14663174235668494 (p=0.000),-0.2068119807924774 (p=0.000),-0.4163003720645301 (p=0.000),-0.22956456746220524 (p=0.000),0,0,0,0,0,0,0,0,0,0,0,0,0,0,0,0,0,0,0,0,0,0,0,0,0,0,0,0,0,0,0,0,0,0,0,0,0,0,0,0,0,0,0,0,0,0,0,0,0,0,0,0,0
Mjob_services,-0.021827995550991013 (p=0.405),-0.0001641721037499665 (p=0.995),0.031862909136329665 (p=0.225),-0.10914990709277184 (p=0.000),0.017852885491462595 (p=0.496),0.08292038530676828 (p=0.002),-0.027718350598405782 (p=0.291),-0.01678542766918337 (p=0.522),-0.1443972225329441 (p=0.000),0.17788403998255928 (p=0.000),0.007543659662572508 (p=0.774),0.0537156546366411 (p=0.041),-0.22706092685483867 (p=0.000),0.058802963861062735 (p=0.025),0.13788215864924816 (p=0.000),-0.26387369371324726 (p=0.000),-0.14551044012169712 (p=0.000),-0.41824643312315174 (p=0.000),0,0,0,0,0,0,0,0,0,0,0,0,0,0,0,0,0,0,0,0,0,0,0,0,0,0,0,0,0,0,0,0,0,0,0,0,0,0,0,0,0,0,0,0,0,0,0,0,0,0,0,0
Mjob_teacher,-0.03728749049099505 (p=0.155),0.06370398253392062 (p=0.015),-0.016998341680523568 (p=0.517),-0.19780156122682854 (p=0.000),-0.10695806097411203 (p=0.000),0.28319225763823946 (p=0.000),-0.05303561946485796 (p=0.043),0.06497086633847679 (p=0.013),-0.12584833619012378 (p=0.000),0.010063706498416279 (p=0.701),0.2573435581591214 (p=0.000),0.14160100884293433 (p=0.000),-0.1928352715171022 (p=0.000),-0.2238949603912281 (p=0.000),0.3648681218135915 (p=0.000),-0.18103546688801617 (p=0.000),-0.0998301501518326 (p=0.000),-0.28694576268364097 (p=0.000),-0.1818817454310619 (p=0.000),0,0,0,0,0,0,0,0,0,0,0,0,0,0,0,0,0,0,0,0,0,0,0,0,0,0,0,0,0,0,0,0,0,0,0,0,0,0,0,0,0,0,0,0,0,0,0,0,0,0,0
Pstatus==T,-0.007124365294764275 (p=0.786),-0.013182087385236279 (p=0.615),0.025055400596233148 (p=0.340),0.034607726889349745 (p=0.187),-0.022442229970760348 (p=0.392),-0.010278966859531117 (p=0.695),-0.01567549051528924 (p=0.550),-0.0041795696451445334 (p=0.873),-0.0733860036031102 (p=0.005),0.09731712126214077 (p=0.000),-0.011516227883378161 (p=0.661),-0.0009702883260631643 (p=0.971),0.07095468065718542 (p=0.007),0.009614980259948273 (p=0.714),-0.06841319913275144 (p=0.009),0.04204498009326465 (p=0.109),0.01641942651494464 (p=0.531),-0.030620955804861003 (p=0.243),-0.03726404805934282 (p=0.156),0.02798564345150669 (p=0.286),0,0,0,0,0,0,0,0,0,0,0,0,0,0,0,0,0,0,0,0,0,0,0,0,0,0,0,0,0,0,0,0,0,0,0,0,0,0,0,0,0,0,0,0,0,0,0,0,0,0
"Walc_(0.996, 2.333]",0.40185143853608923 (p=0.000),-0.30892157450370045 (p=0.000),-0.23836014311542442 (p=0.000),0.02312692668843598 (p=0.378),0.03486352241690535 (p=0.184),-0.054443713361005605 (p=0.038),0.06821418767635391 (p=0.009),0.0501145579874845 (p=0.056),-0.022308622119335497 (p=0.395),-0.08262254785920341 (p=0.002),0.09638851940766835 (p=0.000),0.1339272838974741 (p=0.000),-0.0537110244298966 (p=0.041),0.09943956358639768 (p=0.000),-0.04477274216092374 (p=0.088),0.011053903341817687 (p=0.674),-0.04061639442020331 (p=0.122),0.06575742736341426 (p=0.012),-0.06364187991926565 (p=0.015),-0.0004343185240445555 (p=0.987),-0.06792786402052324 (p=0.010),0,0,0,0,0,0,0,0,0,0,0,0,0,0,0,0,0,0,0,0,0,0,0,0,0,0,0,0,0,0,0,0,0,0,0,0,0,0,0,0,0,0,0,0,0,0,0,0,0
"Walc_(2.333, 3.667]",0.015186360644461836 (p=0.563),0.01674395750020441 (p=0.523),-0.0407322523301666 (p=0.121),-0.004132015628584908 (p=0.875),-0.013965178112533614 (p=0.595),0.017108814697359705 (p=0.514),-0.06075244372162668 (p=0.021),-0.09129343295940896 (p=0.001),0.05718388970295302 (p=0.029),0.031269676027541896 (p=0.233),-0.046061419190198793 (p=0.079),0.037047541778665836 (p=0.158),0.013683368661463104 (p=0.602),-0.038546010320618995 (p=0.142),0.023361474028889623 (p=0.373),-0.009401944579911269 (p=0.720),0.04739053776922691 (p=0.071),-0.030041234307905246 (p=0.252),0.04733299201839778 (p=0.071),-0.04186642194229666 (p=0.111),0.06992826289815621 (p=0.008),-0.5978025592961117 (p=0.000),0,0,0,0,0,0,0,0,0,0,0,0,0,0,0,0,0,0,0,0,0,0,0,0,0,0,0,0,0,0,0,0,0,0,0,0,0,0,0,0,0,0,0,0,0,0,0,0
"Walc_(3.667, 5]",-0.5011982028403463 (p=0.000),0.3578854312130983 (p=0.000),0.3278852060991747 (p=0.000),-0.024016312284643442 (p=0.360),-0.028742948197200937 (p=0.273),0.04941821952361118 (p=0.060),-0.023998431044819885 (p=0.360),0.027371838322772967 (p=0.297),-0.02814111634095672 (p=0.284),0.06987878815351074 (p=0.008),-0.07228016591685926 (p=0.006),-0.1978867848023907 (p=0.000),0.05183481931581111 (p=0.048),-0.0832226372269179 (p=0.002),0.031678386031075305 (p=0.227),-0.0043159436761132635 (p=0.869),0.003470808313234087 (p=0.895),-0.050643717697365 (p=0.054),0.03140498117620482 (p=0.231),0.04090453721162502 (p=0.119),0.01480200629964428 (p=0.573),-0.6342152447687313 (p=0.000),-0.24066031513797004 (p=0.000),0,0,0,0,0,0,0,0,0,0,0,0,0,0,0,0,0,0,0,0,0,0,0,0,0,0,0,0,0,0,0,0,0,0,0,0,0,0,0,0,0,0,0,0,0,0,0
"absences_(-0.032, 10.667]",0.18371732571361335 (p=0.000),-0.0880102143821813 (p=0.001),-0.168385929350638 (p=0.000),0.047671472063425445 (p=0.069),-0.02771346535230039 (p=0.291),-0.017212620261723557 (p=0.512),0.004054434818586516 (p=0.877),0.054777116402409794 (p=0.037),-0.00342634075998527 (p=0.896),-0.030358251440138522 (p=0.247),0.01829493049334845 (p=0.486),0.12015699434477019 (p=0.000),-0.010405840376820175 (p=0.692),-0.03813768627864762 (p=0.146),0.04326480296852411 (p=0.099),0.002767501749264239 (p=0.916),0.08076176423528653 (p=0.002),-0.04195795448582318 (p=0.110),-0.03914776148668124 (p=0.136),0.04523806809049541 (p=0.085),0.10573327236743119 (p=0.000),0.08345365471478637 (p=0.001),0.0009027603635868717 (p=0.973),-0.10191424218985697 (p=0.000),0,0,0,0,0,0,0,0,0,0,0,0,0,0,0,0,0,0,0,0,0,0,0,0,0,0,0,0,0,0,0,0,0,0,0,0,0,0,0,0,0,0,0,0,0,0
"absences_(10.667, 21.333]",-0.20878040765165642 (p=0.000),0.10338475708035919 (p=0.000),0.18759764790820072 (p=0.000),-0.05514862123257668 (p=0.036),0.04179608543118851 (p=0.111),0.010622916721896363 (p=0.686),-0.01970943531349708 (p=0.453),-0.0510592777305401 (p=0.052),0.008549778114030848 (p=0.745),0.0415477069262793 (p=0.113),-0.03748932873362603 (p=0.153),-0.11250871696970495 (p=0.000),0.031343320410645456 (p=0.232),0.03666758529982593 (p=0.162),-0.05955501569386994 (p=0.023),0.016109111513332372 (p=0.539),-0.07528029259160647 (p=0.004),0.0367851826547665 (p=0.161),0.015056927229639784 (p=0.566),-0.034921696532192174 (p=0.183),-0.08855807604619086 (p=0.001),-0.06741317818054504 (p=0.010),-0.03112753332637119 (p=0.236),0.11164356017434844 (p=0.000),-0.9321278863137429 (p=0.000),0,0,0,0,0,0,0,0,0,0,0,0,0,0,0,0,0,0,0,0,0,0,0,0,0,0,0,0,0,0,0,0,0,0,0,0,0,0,0,0,0,0,0,0,0
"absences_(21.333, 32]",0.03544194007333995 (p=0.177),-0.02573167482009903 (p=0.327),-0.022712871265190806 (p=0.387),0.011727151488613008 (p=0.655),-0.03211994416787678 (p=0.221),0.019908074310942082 (p=0.448),0.040030443745440326 (p=0.127),-0.01851598797798831 (p=0.480),-0.012761492879657176 (p=0.627),-0.024173420757188136 (p=0.357),0.04692727078305175 (p=0.074),-0.03929824083671102 (p=0.134),-0.05273248900420441 (p=0.044),0.009984890550607474 (p=0.704),0.035343670882334456 (p=0.178),-0.04950572938206829 (p=0.059),-0.027299426364033756 (p=0.298),0.02022523387801633 (p=0.441),0.0689371550306014 (p=0.009),-0.0341231001171086 (p=0.193),-0.061726416556901934 (p=0.019),-0.05517630920830672 (p=0.035),0.0784052225769822 (p=0.003),-0.008812978054284997 (p=0.737),-0.33802414573932815 (p=0.000),-0.02573167482009903 (p=0.327),0,0,0,0,0,0,0,0,0,0,0,0,0,0,0,0,0,0,0,0,0,0,0,0,0,0,0,0,0,0,0,0,0,0,0,0,0,0,0,0,0,0,0,0
activities==yes,-0.015512865637032063 (p=0.554),-0.023185669267302634 (p=0.377),0.04839721047971835 (p=0.065),-0.012721908952948759 (p=0.628),-0.0886824904644545 (p=0.001),0.09626669450029876 (p=0.000),0.03276682346074359 (p=0.212),-0.002723493043745466 (p=0.917),-0.06299085970688968 (p=0.016),0.035401015587639265 (p=0.177),0.03403563441161247 (p=0.195),0.1242251457144965 (p=0.000),-0.0976355802300738 (p=0.000),0.011745359811066109 (p=0.654),0.07153992427758427 (p=0.006),-0.0495534503883529 (p=0.059),0.00827710525075741 (p=0.752),-0.0770035437813819 (p=0.003),0.06053072356920507 (p=0.021),0.09869561348162144 (p=0.000),0.10155518831812042 (p=0.000),-0.0359863382942475 (p=0.170),-0.009874760368687712 (p=0.707),0.053095198125367435 (p=0.043),0.05581096568433934 (p=0.033),-0.06037059353702111 (p=0.021),0.002829210320948872 (p=0.914),0,0,0,0,0,0,0,0,0,0,0,0,0,0,0,0,0,0,0,0,0,0,0,0,0,0,0,0,0,0,0,0,0,0,0,0,0,0,0,0,0,0,0
address==U,0.05831564203139836 (p=0.026),-0.08013355949247847 (p=0.002),0.00482041010364566 (p=0.854),-0.12747420328674028 (p=0.000),-0.03269965370083758 (p=0.213),0.147935755843092 (p=0.000),0.023821798144718655 (p=0.364),0.07216707349371827 (p=0.006),-0.06489752432458162 (p=0.013),0.014507948346246297 (p=0.580),0.028221071012869723 (p=0.282),0.17225574349715891 (p=0.000),-0.17348490594925314 (p=0.000),-0.018830912160244823 (p=0.473),0.16303840505133138 (p=0.000),-0.16530732119394848 (p=0.000),0.08413118592658078 (p=0.001),-0.03893371128252924 (p=0.138),0.10113054365181327 (p=0.000),0.07314858348407115 (p=0.005),-0.09463539388729447 (p=0.000),0.0034857645086631916 (p=0.894),-0.01359346290101376 (p=0.604),0.008889936666209549 (p=0.735),-0.04913480962039642 (p=0.061),0.02765230602175682 (p=0.292),0.06377258692097636 (p=0.015),-0.009277810459526307 (p=0.724),0,0,0,0,0,0,0,0,0,0,0,0,0,0,0,0,0,0,0,0,0,0,0,0,0,0,0,0,0,0,0,0,0,0,0,0,0,0,0,0,0,0
"age_(14.993, 17.333]",0.09058474774321046 (p=0.001),-0.013920184595177595 (p=0.596),-0.11592886601452451 (p=0.000),-0.06528309014496861 (p=0.013),0.00947206309220656 (p=0.718),0.050745634341277726 (p=0.053),-0.03193395406389322 (p=0.224),0.06345362789442557 (p=0.016),-0.0183486180023004 (p=0.484),-0.01165179203853237 (p=0.657),0.045633458395787356 (p=0.082),0.08304973413698699 (p=0.002),-0.06082562432022755 (p=0.020),-0.0009600739163896797 (p=0.971),0.05205778801959531 (p=0.047),-0.08761222111969548 (p=0.001),0.09697905793949545 (p=0.000),0.0066962275502466155 (p=0.799),0.016285983038988244 (p=0.535),0.0008765707502808151 (p=0.973),0.017650101754642773 (p=0.501),0.040322758040147656 (p=0.124),-0.004718407285446793 (p=0.857),-0.044271033488559604 (p=0.092),0.030358251440138526 (p=0.247),-0.04154770692627931 (p=0.113),0.024173420757188133 (p=0.357),0.053970129987738494 (p=0.040),0.0004375412993312375 (p=0.987),0,0,0,0,0,0,0,0,0,0,0,0,0,0,0,0,0,0,0,0,0,0,0,0,0,0,0,0,0,0,0,0,0,0,0,0,0,0,0,0,0
"age_(17.333, 19.667]",-0.08197924403734887 (p=0.002),0.022514213319633204 (p=0.391),0.09384564233968296 (p=0.000),0.03916494839743758 (p=0.136),0.004559028337536662 (p=0.862),-0.04021556090197376 (p=0.125),0.04071339070537925 (p=0.121),-0.058452816101949745 (p=0.026),0.005187366073808298 (p=0.843),0.01580992403914938 (p=0.547),-0.038753930406260496 (p=0.140),-0.07860541895762066 (p=0.003),0.04575276981102627 (p=0.081),0.01316974118813912 (p=0.616),-0.05042039525514337 (p=0.055),0.08792322519300073 (p=0.001),-0.08966116831721832 (p=0.001),-0.01694972783560394 (p=0.518),-0.01752636993903144 (p=0.504),0.01020865887449244 (p=0.697),-0.01909617194079832 (p=0.467),-0.03735178986157879 (p=0.155),0.010766614089051146 (p=0.682),0.0348405803881253 (p=0.184),-0.0001832506109600825 (p=0.994),0.008477974660226912 (p=0.747),-0.021527532291077577 (p=0.412),-0.05925232551165405 (p=0.024),0.009184254575295673 (p=0.726),-0.9655809146095361 (p=0.000),0,0,0,0,0,0,0,0,0,0,0,0,0,0,0,0,0,0,0,0,0,0,0,0,0,0,0,0,0,0,0,0,0,0,0,0,0,0,0,0
"age_(19.667, 22]",-0.03798400513255081 (p=0.148),-0.031588513077000654 (p=0.229),0.09039063014707703 (p=0.001),0.10254033941893478 (p=0.000),-0.05353033790313108 (p=0.041),-0.042825939018438966 (p=0.103),-0.031193317621734495 (p=0.235),-0.022730449240692674 (p=0.386),0.05078703478487569 (p=0.053),-0.014984923773804597 (p=0.568),-0.028737718136960928 (p=0.273),-0.021821302922911442 (p=0.406),0.06058349834884856 (p=0.021),-0.04602201780046519 (p=0.079),-0.009343925492248648 (p=0.722),0.004151627757183781 (p=0.874),-0.03351310370288513 (p=0.202),0.03829060493689921 (p=0.144),0.0036914104835793467 (p=0.888),-0.04188992756255184 (p=0.110),0.004384761545598063 (p=0.867),-0.013663660991836333 (p=0.603),-0.022539670835210933 (p=0.390),0.038282324217812726 (p=0.145),-0.11572843094024543 (p=0.000),0.12733354108558406 (p=0.000),-0.01145516651181356 (p=0.662),0.016654979585791013 (p=0.526),-0.03634011212946349 (p=0.166),-0.1906842868134893 (p=0.000),-0.0712092319645503 (p=0.007),0,0,0,0,0,0,0,0,0,0,0,0,0,0,0,0,0,0,0,0,0,0,0,0,0,0,0,0,0,0,0,0,0,0,0,0,0,0,0
"failures_(-0.003, 1]",0.05538674568503291 (p=0.035),-0.029866812658251668 (p=0.255),-0.04704319024680564 (p=0.073),-0.12490730450732211 (p=0.000),-0.021028792868924583 (p=0.423),0.13444933319948582 (p=0.000),-0.031574159204407364 (p=0.229),0.04219801811693478 (p=0.108),-0.05974092741288026 (p=0.023),0.038727819887615415 (p=0.140),0.05335023244555496 (p=0.042),0.2072823841866022 (p=0.000),-0.10665423677906925 (p=0.000),0.058389393664840174 (p=0.026),0.03692555018839752 (p=0.159),-0.049893180591361365 (p=0.057),0.006135140852171416 (p=0.815),0.013885780263556377 (p=0.597),-0.030893755038546928 (p=0.239),0.07776669539100502 (p=0.003),0.051385846935802414 (p=0.050),0.06551838998226144 (p=0.013),-0.008562940365619326 (p=0.744),-0.07106934815919215 (p=0.007),0.020414500680973724 (p=0.437),-0.029866812658251668 (p=0.255),0.02126598198211778 (p=0.418),-0.035813474160294186 (p=0.172),-0.001696839668003924 (p=0.948),0.17399784182580336 (p=0.000),-0.11720920859282807 (p=0.000),-0.2249015853430347 (p=0.000),0,0,0,0,0,0,0,0,0,0,0,0,0,0,0,0,0,0,0,0,0,0,0,0,0,0,0,0,0,0,0,0,0,0,0,0,0,0
"failures_(1, 2]",-0.0338532850821798 (p=0.197),0.03754891988475069 (p=0.152),0.007215234264106396 (p=0.783),0.07838768223302142 (p=0.003),0.018021932629659627 (p=0.492),-0.08897968498025427 (p=0.001),0.03895771679446222 (p=0.138),-0.030474380634744523 (p=0.245),0.05918015143308817 (p=0.024),-0.0545572805785576 (p=0.038),-0.03852823812702881 (p=0.142),-0.13109712238415655 (p=0.000),0.125851789970563 (p=0.000),-0.07879298784712996 (p=0.003),-0.03462018382859671 (p=0.187),0.016446602619512567 (p=0.531),-0.0069618916567432175 (p=0.791),0.01298338748587428 (p=0.621),0.015800080778990096 (p=0.547),-0.0561612128201026 (p=0.032),-0.09151653777803742 (p=0.000),-0.01605327073447896 (p=0.541),-0.02453070779732928 (p=0.350),0.043095887256380035 (p=0.101),0.007823449020716284 (p=0.766),-0.0024006686483693065 (p=0.927),-0.015357774094954367 (p=0.558),-0.015225306077184149 (p=0.562),0.04012572293781997 (p=0.126),-0.16701765744074076 (p=0.000),0.10715998619580347 (p=0.000),0.23606012821545355 (p=0.000),-0.7221756374978813 (p=0.000),0,0,0,0,0,0,0,0,0,0,0,0,0,0,0,0,0,0,0,0,0,0,0,0,0,0,0,0,0,0,0,0,0,0,0,0,0
"failures_(2, 3]",-0.04391627733060571 (p=0.094),0.003087993927127423 (p=0.906),0.06028981075430909 (p=0.022),0.09685942401738146 (p=0.000),0.011156817299634122 (p=0.671),-0.09934494384299661 (p=0.000),0.004051911618106183 (p=0.877),-0.028461245838046503 (p=0.278),0.023176446989982735 (p=0.377),0.002259324412745542 (p=0.931),-0.035983066241219976 (p=0.170),-0.15965536955012094 (p=0.000),0.01981714829270428 (p=0.450),-0.0002891293227224989 (p=0.991),-0.01641593444389984 (p=0.532),0.054555679704330215 (p=0.038),-0.0014362138180937776 (p=0.956),-0.03392693258222564 (p=0.196),0.027786066913374124 (p=0.290),-0.052451208239270894 (p=0.046),0.02341363802907764 (p=0.372),-0.07755846917350939 (p=0.003),0.038559033017546596 (p=0.142),0.056717004878171745 (p=0.031),-0.037855316053540804 (p=0.149),0.04572859092086566 (p=0.081),-0.014343240943290226 (p=0.585),0.06801174912644276 (p=0.010),-0.04037617001102344 (p=0.124),-0.07320939911622248 (p=0.005),0.055023031721757085 (p=0.036),0.0730869042257492 (p=0.005),-0.6744687809550117 (p=0.000),-0.02360670057473043 (p=0.368),0,0,0,0,0,0,0,0,0,0,0,0,0,0,0,0,0,0,0,0,0,0,0,0,0,0,0,0,0,0,0,0,0,0,0,0
"famrel_(0.996, 2.333]",-0.08763881155420858 (p=0.001),0.0833607555698254 (p=0.001),0.034134580457033985 (p=0.193),0.0099159115095284 (p=0.706),0.0070621419201861695 (p=0.788),-0.015818913464797208 (p=0.547),0.016281753750660058 (p=0.535),-0.025006017013544764 (p=0.341),-0.04435624479987334 (p=0.091),0.03545331853208368 (p=0.177),0.029295197118870707 (p=0.264),-0.08435827624903551 (p=0.001),0.003965043787456259 (p=0.880),-0.007805079727588743 (p=0.766),0.003725285377304982 (p=0.887),-0.008586436684732263 (p=0.743),0.026869821827929505 (p=0.306),0.008491550474007254 (p=0.746),0.0044008059703666376 (p=0.867),-0.03022890644387521 (p=0.249),-0.08209990796078528 (p=0.002),-0.03756530309025649 (p=0.152),-0.006340887736302466 (p=0.809),0.05159867402242339 (p=0.049),-0.04658701262422039 (p=0.076),0.0373172403657261 (p=0.155),0.03162112582789531 (p=0.228),-0.020089913725748004 (p=0.444),0.03089497623635104 (p=0.239),-0.03545331853208368 (p=0.177),0.032225965992208803 (p=0.219),0.014335296474157894 (p=0.585),-0.017522433605231008 (p=0.504),0.027425181590905148 (p=0.296),-0.003947542333764357 (p=0.880),0,0,0,0,0,0,0,0,0,0,0,0,0,0,0,0,0,0,0,0,0,0,0,0,0,0,0,0,0,0,0,0,0,0,0
"famrel_(2.333, 3.667]",0.039211279129603004 (p=0.135),-0.06309069443915417 (p=0.016),0.013521654945825811 (p=0.606),0.007886432303431747 (p=0.764),0.0043171811194296075 (p=0.869),-0.011341296396764027 (p=0.666),0.059844790369574845 (p=0.023),0.03266095432565876 (p=0.213),-0.000977739514803906 (p=0.970),-0.03950518403848681 (p=0.132),-0.011187789942091835 (p=0.670),-0.043957387820629266 (p=0.094),0.028420634291780388 (p=0.279),-0.018293862764489962 (p=0.486),-0.007365430262609998 (p=0.779),0.010375560402723133 (p=0.693),0.04109266729940494 (p=0.117),-0.009997039406070137 (p=0.703),-0.04349776501940892 (p=0.097),0.024295218230024552 (p=0.354),0.018747248261748072 (p=0.475),-0.059156646742482014 (p=0.024),0.014508717548520973 (p=0.580),0.05763222060934027 (p=0.028),-0.006023953936256943 (p=0.818),0.022355592478648535 (p=0.394),-0.04147062172977156 (p=0.114),-0.02569792854736002 (p=0.327),-0.021651614764720307 (p=0.409),0.001591890964951964 (p=0.952),-0.01702115547971779 (p=0.517),0.05813466118135882 (p=0.027),-0.1079242851637581 (p=0.000),0.06880314206855517 (p=0.009),0.08254418762319912 (p=0.002),-0.12537325567396027 (p=0.000),0,0,0,0,0,0,0,0,0,0,0,0,0,0,0,0,0,0,0,0,0,0,0,0,0,0,0,0,0,0,0,0,0,0
"famrel_(3.667, 5]",0.022121130054382144 (p=0.399),0.0010367816534704846 (p=0.968),-0.0332624665182228 (p=0.205),-0.013050834921243853 (p=0.619),-0.008182479106196126 (p=0.755),0.019758711382212402 (p=0.451),-0.06156960474873023 (p=0.019),-0.012067908235079984 (p=0.646),0.029020111545371645 (p=0.269),0.011288222158891952 (p=0.667),-0.009037428828794384 (p=0.731),0.09122537683986752 (p=0.001),-0.026846108526246117 (p=0.306),0.020617941035278503 (p=0.432),0.003937493959714805 (p=0.881),-0.0034253365502343895 (p=0.896),-0.05224610961820746 (p=0.046),0.0031616286764836383 (p=0.904),0.03443593533331127 (p=0.189),-0.0015886779342809613 (p=0.952),0.03611809539649654 (p=0.169),0.07450379327962116 (p=0.005),-0.008389917397192788 (p=0.749),-0.08211552036792923 (p=0.002),0.03475683673586409 (p=0.185),-0.04284612876624764 (p=0.102),0.015405459213056322 (p=0.557),0.03476106530604673 (p=0.185),-0.0010973374235512374 (p=0.967),0.021163853947955787 (p=0.420),-0.005906491068437884 (p=0.822),-0.05886906481819016 (p=0.025),0.10351180001444878 (p=0.000),-0.07631789772029508 (p=0.004),-0.06814591550295555 (p=0.009),-0.5280692714316768 (p=0.000),-0.7762950341352509 (p=0.000),0,0,0,0,0,0,0,0,0,0,0,0,0,0,0,0,0,0,0,0,0,0,0,0,0,0,0,0,0,0,0,0,0
famsize==LE3,-0.054499348456784266 (p=0.038),0.05807599049441518 (p=0.027),0.014264464727557224 (p=0.587),0.03352176787204342 (p=0.201),0.030124482607643412 (p=0.251),-0.05944109563702963 (p=0.023),0.021608428860890594 (p=0.410),0.021832422252073096 (p=0.405),0.016527769880725064 (p=0.529),0.0034101729253912675 (p=0.897),-0.08333370826769117 (p=0.001),0.00032335539379270894 (p=0.990),0.031465182586211796 (p=0.230),0.007270451744374861 (p=0.782),-0.033058607166203784 (p=0.208),0.008830027655357273 (p=0.736),0.010315749530007632 (p=0.694),-0.05743920155553193 (p=0.029),0.022941805937449017 (p=0.382),0.03976759167174665 (p=0.130),-0.23960842324685924 (p=0.000),-0.058521305752247614 (p=0.026),0.004341280392837984 (p=0.869),0.0666690975335484 (p=0.011),-0.006438213480398469 (p=0.806),0.003785291422214313 (p=0.885),0.007935294144144189 (p=0.762),-0.0147896144740115 (p=0.573),0.046112973792502156 (p=0.079),-0.03352176787204342 (p=0.201),0.03912964937166747 (p=0.136),-0.019127072299343323 (p=0.466),0.014071282087862406 (p=0.592),0.04934488168596261 (p=0.060),-0.07300584481057852 (p=0.005),0.036535698080701166 (p=0.164),-0.05475813971252731 (p=0.037),0.02365634144979927 (p=0.367),0,0,0,0,0,0,0,0,0,0,0,0,0,0,0,0,0,0,0,0,0,0,0,0,0,0,0,0,0,0,0,0
famsup==yes,0.06086070455238782 (p=0.020),-0.09374571897796946 (p=0.000),0.016322377364422252 (p=0.534),-0.08465050707026689 (p=0.001),-0.04177497423691098 (p=0.111),0.11737890588368749 (p=0.000),0.054571582563482095 (p=0.038),0.0837698491607911 (p=0.001),-0.06423085464432633 (p=0.014),-0.007044244071084235 (p=0.788),0.02657998312760982 (p=0.311),0.022767650810981845 (p=0.386),-0.07052330749656961 (p=0.007),-0.06342689975012386 (p=0.016),0.1167399940118496 (p=0.000),-0.013944578106621974 (p=0.595),0.04308631788656472 (p=0.101),-0.09192443249603933 (p=0.000),0.07461253529768933 (p=0.004),0.028670439064799134 (p=0.275),0.010202554297945799 (p=0.697),0.05543609124169339 (p=0.035),0.03593956147051667 (p=0.171),-0.10178303807969959 (p=0.000),-0.011385001758986333 (p=0.664),0.008016307560524672 (p=0.760),0.010595069906276304 (p=0.686),-0.007432724990155526 (p=0.777),0.005577056148510378 (p=0.832),0.08465050707026689 (p=0.001),-0.06795392038719283 (p=0.010),-0.06815977035158105 (p=0.009),0.005990117719002237 (p=0.819),-0.01656801091881474 (p=0.528),0.009026575161517031 (p=0.731),-0.01500086352564889 (p=0.568),-0.051830135880405706 (p=0.048),0.05389556439785389 (p=0.040),-0.039818857281248426 (p=0.129),0,0,0,0,0,0,0,0,0,0,0,0,0,0,0,0,0,0,0,0,0,0,0,0,0,0,0,0,0,0,0
"freetime_(0.996, 2.333]",0.01163266321825268 (p=0.658),-0.0010367816534704846 (p=0.968),-0.015725447484031204 (p=0.549),0.004937815894531917 (p=0.851),-0.015177178987299266 (p=0.563),0.009959489514788407 (p=0.704),-0.027161720525716665 (p=0.301),0.03174648221640387 (p=0.226),-0.03635996049040134 (p=0.166),0.029276872974667724 (p=0.265),0.024932527229573665 (p=0.342),0.06928182347062274 (p=0.008),-0.05101293809828396 (p=0.052),0.0276600279312726 (p=0.292),0.017903818688617745 (p=0.495),-0.014502432974782698 (p=0.580),0.05224610961820746 (p=0.046),0.019141599704362897 (p=0.466),-0.025496366520783662 (p=0.331),-0.02158102946680542 (p=0.411),-0.01398339859543303 (p=0.594),0.09719886571140943 (p=0.000),-0.07595691137561801 (p=0.004),-0.04442817333339454 (p=0.090),0.006556692644311357 (p=0.803),-0.0010367816534704846 (p=0.968),-0.015405459213056322 (p=0.557),-0.11483826608690106 (p=0.000),0.0010973374235512374 (p=0.967),0.01940124118560389 (p=0.460),-0.018824558631021386 (p=0.473),-0.0033557284505482993 (p=0.898),0.052436723040592575 (p=0.046),-0.06445988234736436 (p=0.014),-0.0069843775232361 (p=0.790),0.04131302975693436 (p=0.115),0.15401562334308752 (p=0.000),-0.15808005930318753 (p=0.000),0.00025793518714734405 (p=0.992),-0.06136635066316939 (p=0.019),0,0,0,0,0,0,0,0,0,0,0,0,0,0,0,0,0,0,0,0,0,0,0,0,0,0,0,0,0,0
"freetime_(2.333, 3.667]",0.12503806875340712 (p=0.000),-0.12249858741633057 (p=0.000),-0.04472243878402021 (p=0.088),-0.014121100383238305 (p=0.590),0.0011476641273876645 (p=0.965),0.011836444669298993 (p=0.652),0.009729356223191616 (p=0.711),-0.015319572666798748 (p=0.559),-0.025127826307801835 (p=0.338),0.049374932979729315 (p=0.060),-0.04040242627650307 (p=0.124),0.059710094956409235 (p=0.023),0.01033970912014137 (p=0.694),-0.013541422078217841 (p=0.606),0.003550878066375303 (p=0.892),0.06071476514123521 (p=0.021),-0.05517582083009283 (p=0.035),-0.017980450872924904 (p=0.493),0.026447981688440845 (p=0.313),-0.03874467563927376 (p=0.140),-0.05832361345032097 (p=0.026),0.07440159629298365 (p=0.005),-0.003340294671962765 (p=0.899),-0.08686196443450804 (p=0.001),-0.02454141384027848 (p=0.350),0.030144452391410625 (p=0.251),-0.010595069906276304 (p=0.686),0.020093718477323337 (p=0.444),0.03571012377981551 (p=0.174),-0.0423198181616218 (p=0.107),0.03927895658271419 (p=0.134),0.01404883339968368 (p=0.592),0.05428253963964043 (p=0.039),-0.003835478808530168 (p=0.884),-0.07436018794766446 (p=0.005),0.01500086352564889 (p=0.568),-0.061634019911753844 (p=0.019),0.04322465705124762 (p=0.099),-0.008705034518298677 (p=0.740),0.08493663536807546 (p=0.001),-0.4391763291129691 (p=0.000),0,0,0,0,0,0,0,0,0,0,0,0,0,0,0,0,0,0,0,0,0,0,0,0,0,0,0,0,0
"freetime_(3.667, 5]",-0.13567094195572352 (p=0.000),0.12387227188238986 (p=0.000),0.05862076487599794 (p=0.025),0.009864751280525462 (p=0.707),0.01209657510738043 (p=0.645),-0.020575674667279244 (p=0.433),0.01394372954742102 (p=0.595),-0.012334307047458004 (p=0.638),0.05696369471315364 (p=0.030),-0.07512051749462088 (p=0.004),0.018792619078342104 (p=0.474),-0.12041677997867746 (p=0.000),0.034151508578977786 (p=0.193),-0.01055206776226748 (p=0.688),-0.01919326091480832 (p=0.464),-0.04828741982378533 (p=0.066),0.009779660027087196 (p=0.709),0.0013399435115841497 (p=0.959),-0.004292595863667294 (p=0.870),0.05773165144441436 (p=0.028),0.07075328540440129 (p=0.007),-0.15953413824836923 (p=0.000),0.06965821556130111 (p=0.008),0.12597700356053904 (p=0.000),0.01891176228370974 (p=0.471),-0.029354737873018694 (p=0.263),0.02408350646908146 (p=0.359),0.08007528983765741 (p=0.002),-0.03680464065577129 (p=0.161),0.025545777375785516 (p=0.330),-0.02299668637691763 (p=0.381),-0.0111732609823473 (p=0.670),-0.1002638501443036 (p=0.000),0.06011918120283879 (p=0.022),0.08074154899546752 (p=0.002),-0.05112167663786152 (p=0.051),-0.07257519598471712 (p=0.006),0.09460296006988281 (p=0.000),0.008513177948475977 (p=0.746),-0.03169299014499645 (p=0.227),-0.43207449406779747 (p=0.000),-0.6204550949565475 (p=0.000),0,0,0,0,0,0,0,0,0,0,0,0,0,0,0,0,0,0,0,0,0,0,0,0,0,0,0,0
"goout_(0.996, 2.333]",0.1240296003949236 (p=0.000),-0.07843212250095914 (p=0.003),-0.09245163959751718 (p=0.000),0.023858543660936652 (p=0.363),0.006113671962691849 (p=0.816),-0.027681986081580134 (p=0.291),0.006987920045203184 (p=0.790),0.02115352829542675 (p=0.420),-0.014543562579892817 (p=0.579),-0.006207854078767984 (p=0.813),0.019060606807395658 (p=0.468),0.07781167976934579 (p=0.003),-0.0024823147347373467 (p=0.925),0.034942274108477944 (p=0.183),-0.029527245186338372 (p=0.260),-0.017825494923435114 (p=0.497),-0.016412947450989798 (p=0.532),0.02256336935275659 (p=0.390),-0.036804934016543216 (p=0.161),0.04925036605869719 (p=0.061),-0.012402449124574784 (p=0.636),0.24857935271626475 (p=0.000),-0.09278268378174476 (p=0.000),-0.21148795636472903 (p=0.000),0.045569964534387546 (p=0.082),-0.03777521554958335 (p=0.150),-0.027623302212830207 (p=0.292),-0.058508479064308505 (p=0.026),-0.025043918787965358 (p=0.340),0.07385724899310342 (p=0.005),-0.07751810985131691 (p=0.003),0.009327107390766106 (p=0.722),0.030846040592676056 (p=0.240),-0.03821753942326511 (p=0.145),-0.003789604687750182 (p=0.885),0.04802347915106718 (p=0.067),0.03686614647206567 (p=0.160),-0.06206907498324206 (p=0.018),-0.0007169201041840991 (p=0.978),-0.01631743751100734 (p=0.534),0.22921774578873624 (p=0.000),0.009395857808625794 (p=0.720),-0.20952307752328245 (p=0.000),0,0,0,0,0,0,0,0,0,0,0,0,0,0,0,0,0,0,0,0,0,0,0,0,0,0,0
"goout_(2.333, 3.667]",0.07505240948463637 (p=0.004),-0.0477401744626234 (p=0.069),-0.05563195785580391 (p=0.034),-0.0012755203536991184 (p=0.961),-0.007213998350139529 (p=0.783),0.008051312791388213 (p=0.759),0.023354206508900553 (p=0.373),-0.05853443847754229 (p=0.026),-0.03961597439135797 (p=0.131),0.05785395889992429 (p=0.027),-0.00537733557110194 (p=0.838),0.033745365280681575 (p=0.198),-0.008391343424584523 (p=0.749),0.0018184882231350994 (p=0.945),0.005416518445775062 (p=0.836),0.060083678913707125 (p=0.022),-0.04004525708933625 (p=0.127),-0.016895856078746593 (p=0.520),-0.015949570706774368 (p=0.543),0.0027157757169700924 (p=0.918),-0.007363915551022971 (p=0.779),0.0788888583323556 (p=0.003),0.06058188188434792 (p=0.021),-0.1539456936678043 (p=0.000),0.018538582602199042 (p=0.480),-0.021087810397038383 (p=0.422),0.0036287695237558638 (p=0.890),-0.03647116381147084 (p=0.165),0.00884183327993257 (p=0.736),0.030840259980510824 (p=0.240),-0.04002752463249156 (p=0.127),0.032798975597406445 (p=0.211),0.02330188966987134 (p=0.375),-0.02252816611423929 (p=0.391),-0.009632328088502791 (p=0.714),-0.07525564737067436 (p=0.004),0.037462689744387476 (p=0.153),0.015749790200216454 (p=0.548),0.002562467420135061 (p=0.922),0.022347895780131025 (p=0.394),-0.015749790200216454 (p=0.548),0.161416617479013 (p=0.000),-0.1482856727497249 (p=0.000),-0.44206046750485933 (p=0.000),0,0,0,0,0,0,0,0,0,0,0,0,0,0,0,0,0,0,0,0,0,0,0,0,0,0
"goout_(3.667, 5]",-0.1880546020774054 (p=0.000),0.11918622561259298 (p=0.000),0.13987796044336656 (p=0.000),-0.021176215201345817 (p=0.420),0.0011476641273876645 (p=0.965),0.018297212196948315 (p=0.486),-0.028851207048812614 (p=0.272),0.036018134703695505 (p=0.170),0.05146532879402231 (p=0.050),-0.04939667447377587 (p=0.060),-0.012757539978716571 (p=0.627),-0.10524539657837292 (p=0.000),0.01033970912014137 (p=0.694),-0.03453278257685649 (p=0.188),0.022544173657673975 (p=0.390),-0.0406206401004268 (p=0.122),0.05362970566166011 (p=0.041),-0.005050464594223228 (p=0.847),0.04976963945447088 (p=0.058),-0.048818912213748386 (p=0.063),0.018670081193479304 (p=0.477),-0.3086195819343136 (p=0.000),0.029258972126591138 (p=0.265),0.3454494996605511 (p=0.000),-0.06046782943954329 (p=0.021),0.05558495902603415 (p=0.034),0.022463585714749282 (p=0.392),0.0897291826567463 (p=0.001),0.015066533815652563 (p=0.566),-0.0987607367064819 (p=0.000),0.11096636609391079 (p=0.000),-0.0400621035522137 (p=0.127),-0.05119461073798423 (p=0.051),0.057374990373504554 (p=0.029),0.012751295767198778 (p=0.627),0.026758786748047596 (p=0.308),-0.07036203189576612 (p=0.007),0.04322465705124762 (p=0.099),-0.0017730499755062334 (p=0.946),-0.006016136459188373 (p=0.819),-0.20011116862287315 (p=0.000),-0.1628961540771587 (p=0.000),0.3382025901427221 (p=0.000),-0.5166441995723716 (p=0.000),-0.5396109701392031 (p=0.000),0,0,0,0,0,0,0,0,0,0,0,0,0,0,0,0,0,0,0,0,0,0,0,0,0
guardian_father,-0.020739068805956475 (p=0.429),0.027187495807902796 (p=0.300),-0.00025103624489735077 (p=0.992),-0.07827699901029708 (p=0.003),-0.009875700567544072 (p=0.707),0.0811055872989919 (p=0.002),0.016210036228073155 (p=0.537),0.07024648164866838 (p=0.007),-0.14294333644347568 (p=0.000),0.0998044209815802 (p=0.000),0.039855285062648425 (p=0.129),0.06522142685007268 (p=0.013),0.05069769355313497 (p=0.053),-0.022871960371797898 (p=0.383),-0.02197083276527257 (p=0.402),-0.025273438581139163 (p=0.335),0.06497243978039009 (p=0.013),0.06807221835671583 (p=0.009),-0.01838829333165503 (p=0.483),-0.10372433469120622 (p=0.000),0.14200077022053817 (p=0.000),0.0030413317550530886 (p=0.908),-0.012059254073401464 (p=0.646),0.007948354672044036 (p=0.762),0.021319118898446003 (p=0.417),-0.0020013954730383364 (p=0.939),-0.053650653446730034 (p=0.041),-0.03094425787932995 (p=0.238),0.003491346981710933 (p=0.894),0.11875004900845101 (p=0.000),-0.1032114307363536 (p=0.000),-0.06586218657900558 (p=0.012),0.08769348326994435 (p=0.001),-0.08830046964720768 (p=0.001),-0.0324941373965514 (p=0.216),-0.06776342776715172 (p=0.010),0.06198181821173483 (p=0.018),-0.00999791263683863 (p=0.703),-0.010048901386169307 (p=0.702),0.008740166506535833 (p=0.739),0.04428401726726543 (p=0.091),-0.016194001017365997 (p=0.537),-0.022400936261174564 (p=0.393),0.019859617988856174 (p=0.449),0.052099424630333006 (p=0.047),-0.06837084259317716 (p=0.009),0,0,0,0,0,0,0,0,0,0,0,0,0,0,0,0,0,0,0,0,0,0,0,0
guardian_mother,0.07268419099340369 (p=0.006),-0.04257735068468703 (p=0.105),-0.05795831720045464 (p=0.027),0.023302701563089532 (p=0.374),0.0394356644738138 (p=0.133),-0.05896719613546157 (p=0.025),-0.03345425575480561 (p=0.202),-0.03868179493554622 (p=0.140),0.08626338786356175 (p=0.001),-0.05925709320559343 (p=0.024),-0.003511912179763374 (p=0.894),-0.013332407895425964 (p=0.611),-0.10772783344972492 (p=0.000),0.04912409284162376 (p=0.061),0.0462124404860692 (p=0.078),-0.005353761446345232 (p=0.838),-0.03410487423321189 (p=0.194),-0.1092051704732541 (p=0.000),0.06329355072187098 (p=0.016),0.12348799597364556 (p=0.000),-0.07078616426033164 (p=0.007),0.011545896262098114 (p=0.660),-0.009792170174409297 (p=0.709),-0.0045352774754730965 (p=0.863),0.05545468256736327 (p=0.035),-0.06964169994459092 (p=0.008),0.027907411365896934 (p=0.288),0.04148658778653323 (p=0.114),0.015464239281676449 (p=0.556),0.044246221429469254 (p=0.092),-0.01971795995275117 (p=0.452),-0.09526129300953229 (p=0.000),0.016548639205114506 (p=0.528),-0.02642157373170907 (p=0.314),0.004283746891268277 (p=0.870),0.028081306415186566 (p=0.285),-0.06322174403775757 (p=0.016),0.036272584621069484 (p=0.167),0.017646402383904327 (p=0.501),-0.03475883324643243 (p=0.185),-0.028324945384380053 (p=0.280),0.014024933635279265 (p=0.593),0.010647133474690755 (p=0.685),0.005094231792208547 (p=0.846),-0.06314536127181325 (p=0.016),0.0554927328575856 (p=0.034),-0.8505693138317368 (p=0.000),0,0,0,0,0,0,0,0,0,0,0,0,0,0,0,0,0,0,0,0,0,0,0
guardian_other,-0.10058847377878681 (p=0.000),0.032683664481173456 (p=0.213),0.10950129977657916 (p=0.000),0.09272687039147574 (p=0.000),-0.056977208339097175 (p=0.030),-0.03055035430535858 (p=0.244),0.0346695914488414 (p=0.186),-0.0497756442825849 (p=0.058),0.08707944152749383 (p=0.001),-0.06263035273097095 (p=0.017),-0.06293049558025211 (p=0.016),-0.08870929571579407 (p=0.001),0.11426051833836381 (p=0.000),-0.05253272003856132 (p=0.045),-0.04862598385418438 (p=0.064),0.05417127157238979 (p=0.039),-0.049186194505574286 (p=0.061),0.08672562892636355 (p=0.001),-0.08701920543393003 (p=0.001),-0.05139698367988447 (p=0.050),-0.11455918990008138 (p=0.000),-0.027033017573052223 (p=0.303),0.03946730531698545 (p=0.133),-0.005333922799934006 (p=0.839),-0.14154942750449787 (p=0.000),0.13454055883066482 (p=0.000),0.04109417031102192 (p=0.117),-0.024076361099962255 (p=0.359),-0.03519155665435007 (p=0.180),-0.29045424527458974 (p=0.000),0.21718648609207802 (p=0.000),0.2941739158783723 (p=0.000),-0.18414706501139938 (p=0.000),0.20378456189996716 (p=0.000),0.04863444539185999 (p=0.064),0.06539075152763603 (p=0.013),0.010822594059159748 (p=0.680),-0.050811835973802594 (p=0.053),-0.015672978659667554 (p=0.550),0.05015782950066399 (p=0.056),-0.023965673203063354 (p=0.361),0.0018636348955500407 (p=0.943),0.019049614190367044 (p=0.468),-0.04423692770958123 (p=0.092),0.027921548965920983 (p=0.287),0.014869000994603547 (p=0.571),-0.1442264838726046 (p=0.000),-0.39769027598854323 (p=0.000),0,0,0,0,0,0,0,0,0,0,0,0,0,0,0,0,0,0,0,0,0,0
"health_(0.996, 2.333]",0.04277697934331144 (p=0.103),-0.015995519183080693 (p=0.542),-0.04422722425093655 (p=0.092),0.01683688414062458 (p=0.521),-0.015822959263036864 (p=0.546),-0.000320987879157974 (p=0.990),0.030426185505591834 (p=0.246),-0.07522780469397838 (p=0.004),-0.03549471963726445 (p=0.176),0.05605848431027768 (p=0.033),-0.004901868751642947 (p=0.852),0.0629004038088168 (p=0.017),-0.013133148911512021 (p=0.617),-0.02449030647422147 (p=0.351),0.0332116750281086 (p=0.206),0.052469437217179074 (p=0.046),-0.019158288062961052 (p=0.465),0.023104091367823668 (p=0.379),-0.04498879173279187 (p=0.086),-0.0295476146522928 (p=0.260),-0.02451786575487499 (p=0.350),0.06664216566637592 (p=0.011),0.01755050589632261 (p=0.504),-0.09761547761636387 (p=0.000),0.03573940404923952 (p=0.173),-0.07256822735648324 (p=0.006),0.0899377891184344 (p=0.001),0.024347852156255307 (p=0.353),-0.015337260252484783 (p=0.559),-0.0246812041745552 (p=0.347),0.027706936111758642 (p=0.291),-0.009919170436076909 (p=0.705),0.029583631672149308 (p=0.260),-0.048587636627369674 (p=0.064),0.009103570646210426 (p=0.729),0.0888735738467723 (p=0.001),0.02770749567626376 (p=0.291),-0.08018514298005139 (p=0.002),-0.0054035043225666825 (p=0.837),-0.0146359250561795 (p=0.577),0.055265673964543 (p=0.035),-0.014257505701114784 (p=0.587),-0.0339310685246993 (p=0.196),-0.05356262288936657 (p=0.041),-0.008068828779198886 (p=0.758),0.05797607119212092 (p=0.027),0.028132010086041652 (p=0.284),-0.03674075133634292 (p=0.161),0.020052642552882142 (p=0.445),0,0,0,0,0,0,0,0,0,0,0,0,0,0,0,0,0,0,0,0,0
"health_(2.333, 3.667]",0.008627959628145762 (p=0.742),-0.05067122630949327 (p=0.053),0.04404390879311683 (p=0.093),-0.022569467162549824 (p=0.390),0.025732458701708868 (p=0.327),-0.0038845245807644824 (p=0.882),0.015537968082313228 (p=0.554),-0.05075857668166728 (p=0.053),-0.024670442938699653 (p=0.347),0.04734740247227039 (p=0.071),-0.015038442989318057 (p=0.567),-0.003850913432686282 (p=0.883),0.014273081766096679 (p=0.586),0.030009973402663235 (p=0.253),-0.03916528662381502 (p=0.136),0.05993086193775904 (p=0.022),-0.0025613836313353316 (p=0.922),-0.002356918912399451 (p=0.928),-0.03837159831658138 (p=0.144),-0.021920991933798633 (p=0.403),0.03916476990435182 (p=0.136),0.017273357267956223 (p=0.510),-0.009364563479207874 (p=0.721),-0.011882352998281205 (p=0.651),-0.024297920403036688 (p=0.354),0.04387297840980083 (p=0.095),-0.046946295665776475 (p=0.074),-0.07202779456889616 (p=0.006),0.022499068512812005 (p=0.391),-0.021128576359212812 (p=0.421),0.01897852926197574 (p=0.470),0.009398740351300216 (p=0.720),0.03232733212295893 (p=0.218),-0.026716020933445515 (p=0.309),-0.018206762864189673 (p=0.488),-0.025405061613900565 (p=0.333),0.09409211433365444 (p=0.000),-0.06439667598779854 (p=0.014),0.01129948531359359 (p=0.667),-0.01644275678827876 (p=0.531),0.04588762252629222 (p=0.080),0.048633855296854676 (p=0.064),-0.08887664270553813 (p=0.001),0.052515265185027755 (p=0.045),0.05760189602580429 (p=0.028),-0.10427386261888093 (p=0.000),0.0163187304907697 (p=0.534),-0.007994210258209917 (p=0.761),-0.013429599239468126 (p=0.609),-0.28721908448917965 (p=0.000),0,0,0,0,0,0,0,0,0,0,0,0,0,0,0,0,0,0,0,0
"health_(3.667, 5]",-0.04448097899713887 (p=0.090),0.05412613451281294 (p=0.039),0.004133850427939026 (p=0.875),0.0030116097034385597 (p=0.909),-0.006403870275601639 (p=0.807),0.003352360564869079 (p=0.898),-0.039067438908632644 (p=0.137),0.10634586244237056 (p=0.000),0.050746944251553336 (p=0.053),-0.08677266968847355 (p=0.001),0.016199962057883897 (p=0.537),-0.05233708374571254 (p=0.046),0.00028368497757771 (p=0.991),-0.0021530676020758244 (p=0.935),0.0017093864995240623 (p=0.948),-0.09355680466928577 (p=0.000),0.01889193170596256 (p=0.472),-0.018479297141492223 (p=0.481),0.0699332906806782 (p=0.008),0.043338096532621447 (p=0.099),-0.009363388735458547 (p=0.721),-0.0723249672663763 (p=0.006),-0.008051880247485975 (p=0.759),0.09533498250054903 (p=0.000),-0.012265085366451389 (p=0.640),0.029221589104223365 (p=0.265),-0.042085820756312446 (p=0.109),0.0354831086649099 (p=0.176),-0.004276311684123493 (p=0.871),0.03842728847744395 (p=0.143),-0.03939219893458514 (p=0.133),0.0013059098656791346 (p=0.960),-0.05159342646382344 (p=0.049),0.06389104169901841 (p=0.015),0.0063727270211661365 (p=0.808),-0.058171817089103676 (p=0.027),-0.09875126452672577 (p=0.000),0.12148803955102791 (p=0.000),-0.004171945702810162 (p=0.874),0.025880011837889922 (p=0.324),-0.08492105241225734 (p=0.001),-0.025880011837889922 (p=0.324),0.10010923994566026 (p=0.000),0.0056586479703761355 (p=0.829),-0.038415795762954466 (p=0.143),0.031357833351475864 (p=0.232),-0.037664544498852676 (p=0.151),0.03866559843751448 (p=0.141),-0.0070424731001157365 (p=0.788),-0.6534686917756046 (p=0.000),-0.5373705642177204 (p=0.000),0,0,0,0,0,0,0,0,0,0,0,0,0,0,0,0,0,0,0
higher==yes,0.08986796056643478 (p=0.001),-0.028705865927461823 (p=0.274),-0.09838283594123316 (p=0.000),-0.15333928203495487 (p=0.000),-0.04043519340856501 (p=0.123),0.17900274694483745 (p=0.000),-0.09213671609379072 (p=0.000),0.03907627988731403 (p=0.136),-0.019982270795974047 (p=0.446),0.025006943844410205 (p=0.341),0.06174702512324422 (p=0.019),0.3207468138453256 (p=0.000),-0.14451581114432277 (p=0.000),-0.07987203009547461 (p=0.002),0.19388975925820778 (p=0.000),-0.15575799994744702 (p=0.000),0.09747515428630237 (p=0.000),-0.026251811216430058 (p=0.317),0.04248637386733602 (p=0.105),0.10592305720494512 (p=0.000),0.02272647426281545 (p=0.386),0.07393092696891629 (p=0.005),-0.01599108900811142 (p=0.542),-0.07409084865644992 (p=0.005),0.166319603659298 (p=0.000),-0.16938628546193762 (p=0.000),-0.018912468098613345 (p=0.471),0.04490787395108783 (p=0.087),0.0767060767914677 (p=0.003),0.2313657558571771 (p=0.000),-0.20062488462801045 (p=0.000),-0.13008203311478034 (p=0.000),0.23355563815395153 (p=0.000),-0.170817274184755 (p=0.000),-0.1552321418320809 (p=0.000),-0.047887450797335925 (p=0.068),-0.01740180883534447 (p=0.507),0.045322046026165595 (p=0.084),0.004522593325806837 (p=0.863),0.08534046444483795 (p=0.001),0.037301571588950894 (p=0.155),0.06862347576466862 (p=0.009),-0.10144770797349935 (p=0.000),0.038485442252659145 (p=0.142),0.03005594068548546 (p=0.252),-0.0648119390835704 (p=0.014),0.026692397084213983 (p=0.309),0.08052441693324382 (p=0.002),-0.19809973511509965 (p=0.000),-0.0015826205047669993 (p=0.952),-0.010383573303202241 (p=0.692),0.009599035847984088 (p=0.714),0,0,0,0,0,0,0,0,0,0,0,0,0,0,0,0,0,0
internet==yes,-0.021598550521586057 (p=0.410),-0.014593478852020749 (p=0.578),0.04763781093824388 (p=0.069),-0.11292861766524306 (p=0.000),-0.1121723739413014 (p=0.000),0.21044454865486756 (p=0.000),-0.10713794135323737 (p=0.000),0.006929160441861102 (p=0.792),0.0028565367088175795 (p=0.913),0.04970462956596241 (p=0.058),0.0059897016936400534 (p=0.819),0.15332687553873103 (p=0.000),-0.2369997305862157 (p=0.000),-0.013905287541528866 (p=0.596),0.21203387915123106 (p=0.000),-0.23889865810996208 (p=0.000),0.08594578653384329 (p=0.001),-0.06685677344461273 (p=0.011),0.1491188975733554 (p=0.000),0.14806867229855117 (p=0.000),0.059754023319607205 (p=0.023),-0.06458689935000944 (p=0.014),0.046214399520400226 (p=0.078),0.033628029352440254 (p=0.200),-0.0745437457899786 (p=0.004),0.07337402370180092 (p=0.005),0.015088597260246795 (p=0.565),0.08237483092536033 (p=0.002),0.17579413866408963 (p=0.000),-0.033441304842841864 (p=0.202),0.024940656327284184 (p=0.342),0.03411488895535608 (p=0.194),0.10455247410772944 (p=0.000),-0.0770730416492033 (p=0.003),-0.06884398111518257 (p=0.009),-0.08312915242598633 (p=0.002),-0.04527697941130343 (p=0.084),0.09157392341253015 (p=0.000),0.013357275351795829 (p=0.611),0.07189127889153396 (p=0.006),-0.07435240029032439 (p=0.005),0.025452120243094834 (p=0.332),0.039355021399692006 (p=0.134),-0.08851738798318401 (p=0.001),0.021152733025220728 (p=0.420),0.06289188914102899 (p=0.017),0.013727424307628956 (p=0.601),-0.024990104105527093 (p=0.341),0.023073773503741114 (p=0.379),0.034033524429098905 (p=0.195),-0.029213746214965 (p=0.266),-0.006878418784856295 (p=0.793),0.07034497690587595 (p=0.007),0,0,0,0,0,0,0,0,0,0,0,0,0,0,0,0,0
nursery==yes,0.0456675780624012 (p=0.082),-0.008084171431729556 (p=0.758),-0.0572541324017479 (p=0.029),-0.03714747965386686 (p=0.157),-0.06447361817362214 (p=0.014),0.09553564099170245 (p=0.000),0.03594225875531152 (p=0.171),0.053119612687548445 (p=0.043),-0.020450877443096656 (p=0.436),-0.011242700683208273 (p=0.668),-0.015223254678362488 (p=0.562),0.06705040576189149 (p=0.011),-0.07009916923349127 (p=0.008),-0.028396934054941758 (p=0.279),0.08468741678670057 (p=0.001),-0.0035721853363318147 (p=0.892),0.036501409140081646 (p=0.164),-0.08795368904970977 (p=0.001),0.026857988659677246 (p=0.306),0.07645043674389557 (p=0.004),-0.03272432924755258 (p=0.212),0.057994126893949643 (p=0.027),-0.0033197963693347692 (p=0.899),-0.06701598780585967 (p=0.011),0.00492333040097801 (p=0.851),0.007484455450147245 (p=0.775),-0.03304234880808102 (p=0.208),0.039719195562401374 (p=0.130),0.018076940954244523 (p=0.491),0.011242700683208273 (p=0.668),-0.018223954933236784 (p=0.487),0.02566450527052522 (p=0.328),0.07530365839981328 (p=0.004),-0.046058358686629934 (p=0.079),-0.059674788347296844 (p=0.023),0.015233412787537178 (p=0.562),-0.07563289132760934 (p=0.004),0.055059304383093775 (p=0.036),0.100686432529099 (p=0.000),0.02779919709257265 (p=0.289),0.036377462619536366 (p=0.166),-0.011896439125997372 (p=0.650),-0.019813062856267126 (p=0.450),-0.058752194189247736 (p=0.025),0.045244611066765604 (p=0.085),0.011957697823865538 (p=0.649),-0.025766300344606797 (p=0.326),0.07391443091578435 (p=0.005),-0.09413202596474747 (p=0.000),-0.007655706758875252 (p=0.770),-0.015207344374531797 (p=0.562),0.018758036149330595 (p=0.475),0.042604713964765444 (p=0.104),-0.0071594715531085994 (p=0.785),0,0,0,0,0,0,0,0,0,0,0,0,0,0,0,0
paid==yes,-0.02752561974828785 (p=0.294),0.010844162160373125 (p=0.679),0.027843085611075485 (p=0.289),-0.07050408478271962 (p=0.007),-0.021636340634095245 (p=0.410),0.08520892155321946 (p=0.001),0.01254706846141656 (p=0.633),-0.01339995608863546 (p=0.610),0.01237409835977808 (p=0.637),0.001782093770179327 (p=0.946),-0.032950972976396715 (p=0.209),-0.011859096852531954 (p=0.651),-0.0917828967616083 (p=0.000),-0.016879095482977943 (p=0.520),0.09251430736562632 (p=0.000),-0.0017967067332875183 (p=0.945),0.0028629000602331716 (p=0.913),-0.03317095022415246 (p=0.206),0.04504127863787646 (p=0.086),-0.00674348638669986 (p=0.797),0.015923294934592668 (p=0.544),-0.02469984921993148 (p=0.347),-0.03692633633216682 (p=0.159),0.06552008749427285 (p=0.013),0.04771868516708372 (p=0.069),-0.04128814333653175 (p=0.116),-0.02442516604243866 (p=0.352),0.06578125441122849 (p=0.012),-0.030483029019193704 (p=0.245),0.041589613361560036 (p=0.113),-0.06369472385699766 (p=0.015),0.0808986950619978 (p=0.002),-0.03696730970150013 (p=0.159),0.0016105749547696954 (p=0.951),0.05170942863978764 (p=0.049),-0.025653412604166603 (p=0.328),0.016645189793144936 (p=0.526),0.002052211151830385 (p=0.938),-0.050253457639191375 (p=0.055),0.09429721925586822 (p=0.000),0.07449290594805007 (p=0.005),-0.0543588494731457 (p=0.038),-0.010460354781349237 (p=0.690),-0.008479562171463643 (p=0.747),0.06528631151335618 (p=0.013),-0.0543588494731457 (p=0.038),-0.0640625683645664 (p=0.015),0.03764309425091134 (p=0.151),0.04094060152466619 (p=0.119),-0.0458200476697191 (p=0.081),-0.007445260625098309 (p=0.777),0.0462256008049435 (p=0.078),0.024112218605536306 (p=0.358),0.03182326196248183 (p=0.225),0.02756647737267005 (p=0.293),0,0,0,0,0,0,0,0,0,0,0,0,0,0,0
reason_course,0.06541874968658107 (p=0.013),-0.060950683126042855 (p=0.020),-0.02690301369796631 (p=0.305),0.058959545737937685 (p=0.025),0.014753374873402524 (p=0.574),-0.06806954295847344 (p=0.009),0.0953582668150437 (p=0.000),-0.06885265127987998 (p=0.009),-0.013549909659648288 (p=0.606),-0.0033496105231974735 (p=0.898),-0.01097247737302378 (p=0.676),-0.1233946351011237 (p=0.000),0.10016763566907894 (p=0.000),0.036532255713580396 (p=0.164),-0.11735313492516616 (p=0.000),0.12786984643870983 (p=0.000),-0.08397693397143884 (p=0.001),-0.04629566643242238 (p=0.078),-0.036027092971384865 (p=0.170),0.02354952832065043 (p=0.369),0.039014187376598654 (p=0.137),0.04244407171674893 (p=0.106),-0.06155224699525221 (p=0.019),0.007974751541013366 (p=0.761),0.017835670621579047 (p=0.497),0.0014617393239442274 (p=0.956),-0.05303482625514012 (p=0.043),0.004173350466877769 (p=0.874),-0.07083437964156122 (p=0.007),-0.003573629061373101 (p=0.892),0.0032951641103435175 (p=0.900),0.001268169576736226 (p=0.961),-0.13050403378260203 (p=0.000),0.1196081664462217 (p=0.000),0.06095122190259956 (p=0.020),0.0415835363566622 (p=0.113),-0.011586984551700428 (p=0.659),-0.016503539834291137 (p=0.529),-0.029347843542707162 (p=0.263),-0.004950841444354834 (p=0.850),-0.04947673133072907 (p=0.059),-0.0014243492250624026 (p=0.957),0.044619570455124276 (p=0.089),0.0016745024410904084 (p=0.949),-0.04022760091828909 (p=0.125),0.03682679479144101 (p=0.160),-0.0306330173517718 (p=0.243),0.001306262104543999 (p=0.960),0.050990078074204116 (p=0.052),-0.10473046161352717 (p=0.000),0.00431981090974864 (p=0.869),0.08879555265876811 (p=0.001),-0.08762523785131045 (p=0.001),-0.11529208066160784 (p=0.000),-0.021773160903199112 (p=0.407),-0.0016506063423910977 (p=0.950),0,0,0,0,0,0,0,0,0,0,0,0,0,0
reason_home,-0.048967885639757014 (p=0.062),0.031343320410645456 (p=0.232),0.03607902864438587 (p=0.169),-0.045380044634606855 (p=0.084),0.03149658103260099 (p=0.230),0.011504565455277217 (p=0.661),-0.024460204158532495 (p=0.351),-0.04518897540151284 (p=0.085),0.06461801440487921 (p=0.014),-0.03721037779192729 (p=0.156),-0.004241982015116673 (p=0.872),0.07423699879457887 (p=0.005),-0.045369127516778525 (p=0.084),-0.013795491375355766 (p=0.599),0.05066372100478086 (p=0.054),-0.07215615574473912 (p=0.006),-0.028279172731946082 (p=0.281),0.08060769977030509 (p=0.002),-0.02001520570870691 (p=0.446),0.017148103004037612 (p=0.513),-0.04049156267900368 (p=0.123),-0.016123732155793845 (p=0.539),0.004246061263705873 (p=0.871),0.015427029558277117 (p=0.557),-0.06587516608159466 (p=0.012),0.031343320410645456 (p=0.232),0.10039227772388803 (p=0.000),-0.08297442993638618 (p=0.002),0.1611825792853358 (p=0.000),-0.019977290106829703 (p=0.446),0.03745152642065556 (p=0.153),-0.06473503688112026 (p=0.014),0.08528037284174633 (p=0.001),-0.08678931654319416 (p=0.001),-0.03061943696990387 (p=0.243),-0.05049661585400644 (p=0.054),0.07895485800511046 (p=0.003),-0.035497113706749454 (p=0.176),0.023438097877701004 (p=0.372),0.02727503986512628 (p=0.299),0.035497113706749454 (p=0.176),-0.004706190473965691 (p=0.858),-0.02626233555800779 (p=0.317),-0.0024823147347373467 (p=0.925),0.038896487682987306 (p=0.138),-0.03479798966217981 (p=0.185),-0.018353309838228297 (p=0.484),0.004316018968338339 (p=0.869),0.02390096139084377 (p=0.362),0.02868929291170339 (p=0.274),-0.004365208105526549 (p=0.868),-0.021809701076174345 (p=0.406),0.0456568137349888 (p=0.082),0.0664812367888274 (p=0.011),-0.02406156466707169 (p=0.359),0.062376264724633375 (p=0.017),-0.48303641252412416 (p=0.000),0,0,0,0,0,0,0,0,0,0,0,0,0
reason_other,-0.1131482470071574 (p=0.000),0.08342911834714319 (p=0.001),0.07108088986167042 (p=0.007),0.05382481549320466 (p=0.040),-0.022957720242363484 (p=0.382),-0.02738528563915164 (p=0.297),-0.03309348908670453 (p=0.207),0.06497086633847679 (p=0.013),-0.08625765747592586 (p=0.001),0.07570536999059886 (p=0.004),0.021566394183509533 (p=0.411),-0.09451689221022326 (p=0.000),0.06381107511984646 (p=0.015),-0.028588738221998214 (p=0.276),-0.027834052410323728 (p=0.289),0.06071765659001365 (p=0.021),0.03139912419416725 (p=0.231),-0.046341369942448474 (p=0.077),-0.001058747905389147 (p=0.968),-0.031051415366839977 (p=0.237),0.042909786919072705 (p=0.102),-0.050768733185636794 (p=0.053),0.008684848458727586 (p=0.741),0.053093262946402174 (p=0.043),0.026667855446136444 (p=0.309),-0.015196560718969614 (p=0.562),-0.0341231001171086 (p=0.193),-0.08782018879299525 (p=0.001),-0.086910184827332 (p=0.001),0.033697402496372104 (p=0.199),-0.045373720400218906 (p=0.084),0.04201921746243626 (p=0.109),0.0076686602399463275 (p=0.770),0.007117653708103281 (p=0.786),-0.018680539442359374 (p=0.477),0.006236818987490982 (p=0.812),-0.016308034897750387 (p=0.534),0.009996175766262229 (p=0.703),-0.046227133842501 (p=0.078),-0.09222039982889639 (p=0.000),0.059512946436996915 (p=0.023),-0.058893148788223014 (p=0.025),0.007167762392558868 (p=0.785),-0.004415664116075269 (p=0.866),0.023824020511144822 (p=0.364),-0.018596202490324502 (p=0.479),0.023419900432509643 (p=0.372),0.01631534367771621 (p=0.534),-0.07156424027495402 (p=0.006),-0.00714527597315959 (p=0.785),0.015517754816294292 (p=0.554),-0.005971904606353516 (p=0.820),-0.05324356499002914 (p=0.042),-0.049326405211105075 (p=0.060),0.0024698202725413577 (p=0.925),0.03454446328281155 (p=0.188),-0.3125720059118673 (p=0.000),-0.1928352715171022 (p=0.000),0,0,0,0,0,0,0,0,0,0,0,0
reason_reputation,0.05709178891069175 (p=0.030),-0.02203931645091539 (p=0.401),-0.05825585920427218 (p=0.026),-0.06533413520300305 (p=0.013),-0.03222907400261494 (p=0.219),0.09058157788339193 (p=0.001),-0.06428418448122462 (p=0.014),0.07906537011861815 (p=0.003),0.016016306339185354 (p=0.542),-0.01559589033878137 (p=0.552),0.0011011029132866835 (p=0.967),0.14403942850126175 (p=0.000),-0.12225353630747299 (p=0.000),-0.008082215646778633 (p=0.758),0.11019797477148227 (p=0.000),-0.12589886603956127 (p=0.000),0.10545463280887499 (p=0.000),0.00875507939938168 (p=0.739),0.06424944314822721 (p=0.014),-0.022069268496864115 (p=0.400),-0.038141815208136254 (p=0.146),0.004007888012473819 (p=0.879),0.06281189759728562 (p=0.017),-0.0654324907779266 (p=0.013),0.02528026418185102 (p=0.335),-0.02203931645091539 (p=0.401),-0.01250897997570665 (p=0.634),0.14573998879198832 (p=0.000),-0.012881751919119699 (p=0.623),-0.0009835246159591857 (p=0.970),-0.007566618965708934 (p=0.773),0.03232878750699199 (p=0.218),0.06391798265813844 (p=0.015),-0.06054437914774849 (p=0.021),-0.027757381952217768 (p=0.290),-0.0032782476883598897 (p=0.901),-0.05388403824445491 (p=0.040),0.04820526002865966 (p=0.066),0.04638525740980939 (p=0.077),0.048129788264892406 (p=0.067),-0.021870905013002997 (p=0.405),0.05110555474363575 (p=0.051),-0.03220927966004518 (p=0.220),0.003859636133004441 (p=0.883),-0.00935255095797018 (p=0.722),0.005304627201238142 (p=0.840),0.03755634980870471 (p=0.152),-0.018306043316785724 (p=0.485),-0.031080424088069335 (p=0.236),0.10170484511300731 (p=0.000),-0.012501252191337978 (p=0.634),-0.07966627657340712 (p=0.002),0.09893642821718962 (p=0.000),0.10796545744283902 (p=0.000),0.048614288840475084 (p=0.064),-0.08749155328506006 (p=0.001),-0.4703969514415095 (p=0.000),-0.2902023282200676 (p=0.000),-0.18778941193695284 (p=0.000),0,0,0,0,0,0,0,0,0,0,0
romantic==yes,-0.0261205927267316 (p=0.320),-0.06209998861330227 (p=0.018),0.10723384458722024 (p=0.000),0.11643416104412639 (p=0.000),-0.08181011931953448 (p=0.002),-0.028566103751106256 (p=0.276),0.019907338959027698 (p=0.448),-0.025398403077942066 (p=0.333),0.005471458804943871 (p=0.835),-0.01891177031287988 (p=0.471),0.024321493415188408 (p=0.354),-0.04582842532678724 (p=0.081),0.031366479614148374 (p=0.232),0.01768949842236781 (p=0.500),-0.04240285017818916 (p=0.106),0.04159630916684674 (p=0.113),0.016156393802916995 (p=0.538),0.03909537922292713 (p=0.136),-0.06344673393060758 (p=0.016),-0.04592218953639294 (p=0.080),-0.05382783211304176 (p=0.040),0.018361471220276905 (p=0.484),0.0066565617562902015 (p=0.800),-0.02865161934281248 (p=0.275),-0.04782569882633194 (p=0.068),0.027804488209588814 (p=0.289),0.0597632404556274 (p=0.023),0.05751663343425994 (p=0.028),-0.030938883236017622 (p=0.238),-0.13780457125839052 (p=0.000),0.11334637461496416 (p=0.000),0.10068367399356348 (p=0.000),-0.04491575187636236 (p=0.087),0.04342435458034821 (p=0.098),0.018566874384196495 (p=0.479),0.02634122289145616 (p=0.315),-0.0017109160489598518 (p=0.948),-0.015272301813085365 (p=0.561),-0.032935892728188726 (p=0.209),-0.023398160717998308 (p=0.373),0.00018596410122478373 (p=0.994),0.010279019200952172 (p=0.695),-0.010480677705393857 (p=0.690),0.013460402864331361 (p=0.608),-0.010260404503651751 (p=0.696),-0.0028401223160939627 (p=0.914),-0.05526836353048841 (p=0.035),-0.017848866691016176 (p=0.496),0.13001879130478114 (p=0.000),0.015553138243888614 (p=0.553),0.01085519737303986 (p=0.679),-0.022271993048864618 (p=0.396),-0.09938942154956315 (p=0.000),0.03483189996751462 (p=0.184),-0.02298428426850217 (p=0.381),-0.018308980627731168 (p=0.485),0.03248233968331269 (p=0.216),0.0009831284655180835 (p=0.970),0.03545255724618458 (p=0.177),-0.06675432815125715 (p=0.011),0,0,0,0,0,0,0,0,0,0
school==MS,-0.0618753643642691 (p=0.018),0.07835971952033147 (p=0.003),0.0023261189515563076 (p=0.929),0.16566576368668395 (p=0.000),0.049977945566605654 (p=0.057),-0.19939603353239613 (p=0.000),0.13638456425185483 (p=0.000),-0.052641318130938565 (p=0.045),-0.06394036721032778 (p=0.015),0.06469721466218634 (p=0.014),-0.09235592731535466 (p=0.000),-0.2670971103894348 (p=0.000),0.27003666066499676 (p=0.000),-0.019816105991463107 (p=0.450),-0.20932519180033735 (p=0.000),0.19912438573026045 (p=0.000),-0.0706276205980216 (p=0.007),0.040691419907377846 (p=0.121),-0.12205497590389798 (p=0.000),-0.10372893690051184 (p=0.000),0.028120198626935083 (p=0.284),-0.0016360631226405929 (p=0.950),0.010102570040366066 (p=0.700),-0.0077626660001110645 (p=0.767),0.12319174735022291 (p=0.000),-0.10368487561179117 (p=0.000),-0.07060804300474523 (p=0.007),-0.08860401365376469 (p=0.001),-0.3545198305543843 (p=0.000),-0.07190925387822188 (p=0.006),0.08137794260312128 (p=0.002),-0.03136477449141812 (p=0.232),-0.02392380076411371 (p=0.362),0.008934259164729392 (p=0.733),0.025040764069181796 (p=0.340),0.08702526646144519 (p=0.001),-0.06398099792105831 (p=0.015),-0.0005295270158122082 (p=0.984),0.022252103025473913 (p=0.396),-0.06372004380403266 (p=0.015),0.02344039589995375 (p=0.372),-0.10230817375184174 (p=0.000),0.08223772845804422 (p=0.002),-0.05807606968594395 (p=0.027),0.03209659610007304 (p=0.221),0.023873271590622806 (p=0.363),0.06645160490663335 (p=0.011),-0.052590351185037416 (p=0.045),-0.016981905088644 (p=0.518),0.07013116409469336 (p=0.008),-0.017936658612542723 (p=0.494),-0.04757209007685939 (p=0.070),-0.13611235999740565 (p=0.000),-0.24048593282706335 (p=0.000),0.004659021237749781 (p=0.859),-0.007905324941394447 (p=0.763),0.12222623061911227 (p=0.000),-0.13754818364119892 (p=0.000),0.20522048966411496 (p=0.000),-0.16228170706803324 (p=0.000),0.07224139729653829 (p=0.006),0,0,0,0,0,0,0,0,0
schoolsup==yes,0.03217115227385973 (p=0.220),-0.050676601094640186 (p=0.053),0.009880952262091089 (p=0.706),-0.022039688305563913 (p=0.401),-0.020439426406205462 (p=0.436),0.039685296177084745 (p=0.130),0.012257110124198986 (p=0.640),0.07048133252398256 (p=0.007),-0.01474726838068308 (p=0.574),-0.05569558880041328 (p=0.034),0.07095124444001022 (p=0.007),-0.05510624861239603 (p=0.036),0.016607495064839328 (p=0.527),0.005691786398942466 (p=0.828),-0.01912640406661762 (p=0.466),-0.014190504883039402 (p=0.589),-0.0582348734787226 (p=0.026),0.040788382108280626 (p=0.120),0.04636069251187423 (p=0.077),-0.056771603204068176 (p=0.030),-0.009455853246012584 (p=0.719),0.045459450116176116 (p=0.083),0.005531192680291716 (p=0.833),-0.06037578430743814 (p=0.021),0.0215954185933514 (p=0.411),-0.010222586198672806 (p=0.697),-0.033047341543170516 (p=0.208),-0.030245695705483727 (p=0.249),0.017955799807999523 (p=0.494),0.10057012279354577 (p=0.000),-0.10283973855548219 (p=0.000),0.0024527199287482843 (p=0.926),0.003433479621789607 (p=0.896),-0.021946241369639748 (p=0.403),0.018462167879494003 (p=0.482),-0.006424312531645264 (p=0.807),0.033552853058599084 (p=0.201),-0.024637835373414674 (p=0.348),-0.056405004559047 (p=0.032),0.07540193054142172 (p=0.004),-0.03476021498819797 (p=0.185),0.05889532256771381 (p=0.025),-0.028777370858308282 (p=0.273),0.052589394180241285 (p=0.045),-0.01600885588040643 (p=0.542),-0.03407969881553386 (p=0.194),0.035192704138342336 (p=0.180),-0.018389958086270346 (p=0.483),-0.02679845491972633 (p=0.307),-0.02989234238353509 (p=0.255),0.01289569436278277 (p=0.623),0.016127694695893213 (p=0.539),0.08535535506565038 (p=0.001),-0.02594201713693743 (p=0.323),0.01784551577905541 (p=0.496),0.04051182913254708 (p=0.123),-0.06955639270157754 (p=0.008),0.05249516753014696 (p=0.045),0.0073062584993061645 (p=0.781),0.024482391970999703 (p=0.351),-0.09430977392602348 (p=0.000),-0.12333952734746123 (p=0.000),0,0,0,0,0,0,0,0
sex==M,-0.24648460269406777 (p=0.000),0.1810801720972748 (p=0.000),0.1555849931279362 (p=0.000),-0.06416773393208047 (p=0.014),-0.02454747066535326 (p=0.350),0.08218402564847986 (p=0.002),-0.05366586510030309 (p=0.041),-0.007232500613355991 (p=0.783),-0.03425110417855851 (p=0.192),0.0476117911728891 (p=0.070),0.044415716654112335 (p=0.091),-0.13590113973748724 (p=0.000),-0.06756190958815672 (p=0.010),-0.06398189588588443 (p=0.015),0.11474993533646424 (p=0.000),-0.1337786036670791 (p=0.000),0.03982488976447731 (p=0.129),-0.023969989104097984 (p=0.361),0.055878502931085816 (p=0.033),0.10464661552722884 (p=0.000),0.06469983316843717 (p=0.014),-0.26173562069324346 (p=0.000),-0.001479749824211073 (p=0.955),0.3183299966013046 (p=0.000),-0.010871841074639205 (p=0.679),0.004735644372104508 (p=0.857),0.01770458696788488 (p=0.500),0.12470709582996922 (p=0.000),0.025502630525788383 (p=0.331),0.008277971379595685 (p=0.752),-0.010620760404646748 (p=0.686),0.008338730199791823 (p=0.751),-0.08511189443964928 (p=0.001),0.04934318909622452 (p=0.060),0.07034443928594535 (p=0.007),-0.045442195361773935 (p=0.083),-0.029350832146079028 (p=0.263),0.053996199229769615 (p=0.040),0.09820486170443943 (p=0.000),-0.1294666251883129 (p=0.000),-0.06879186454542108 (p=0.009),-0.10856124944969012 (p=0.000),0.16902712511465467 (p=0.000),-0.028123533490504143 (p=0.284),-0.006885015265582767 (p=0.793),0.03296883817290626 (p=0.209),0.0390547203022704 (p=0.137),-0.03070751000693991 (p=0.242),-0.01035825455664029 (p=0.693),-0.11342014387298291 (p=0.000),-0.014526267755824994 (p=0.580),0.111339458931609 (p=0.000),-0.058133867989885415 (p=0.027),0.06591089191817705 (p=0.012),-0.04360276407268238 (p=0.097),0.07929985307663635 (p=0.003),-0.04930704367229807 (p=0.060),0.05907936606358184 (p=0.024),0.034815596969620055 (p=0.185),-0.027289074448460206 (p=0.298),-0.1101435228084892 (p=0.000),-0.0830495610105843 (p=0.002),-0.1112024332446829 (p=0.000),0,0,0,0,0,0,0
"studytime_(0.997, 2]",-0.07885143863741237 (p=0.003),0.057647726164792065 (p=0.028),0.05008548441301781 (p=0.056),0.05815998517124497 (p=0.027),-0.028604093374992236 (p=0.276),-0.02596775074162947 (p=0.322),-0.022679835932467144 (p=0.387),-0.06878051681107053 (p=0.009),0.0667533457390136 (p=0.011),-0.044271033488559604 (p=0.092),0.02210922722162754 (p=0.399),-0.19359338315973532 (p=0.000),0.06649049739617438 (p=0.011),-0.0014348730556365155 (p=0.956),-0.0546581988486996 (p=0.037),0.04204048840065882 (p=0.109),0.04041012536122544 (p=0.124),-0.011931765949640967 (p=0.649),-0.04081053391425601 (p=0.120),-0.016527085742070714 (p=0.529),-0.04973474116680478 (p=0.058),-0.12766843403300027 (p=0.000),0.0040110052522995005 (p=0.879),0.15070921985815605 (p=0.000),-0.10093193624103906 (p=0.000),0.0884279600446358 (p=0.001),0.04881033999296307 (p=0.063),-0.037776779106312774 (p=0.150),-0.0005644404232513999 (p=0.983),0.01866327882360846 (p=0.477),-0.01749379352821481 (p=0.505),-0.0055481629301177855 (p=0.833),-0.07477731415010652 (p=0.004),0.030962093757010898 (p=0.238),0.07502721905143979 (p=0.004),0.005304536581744459 (p=0.840),0.02684730773727031 (p=0.306),-0.026350502804634007 (p=0.315),0.03397423093927093 (p=0.195),-0.07900175599641604 (p=0.003),-0.009804838252887072 (p=0.709),-0.07034220432733167 (p=0.007),0.0791702612609757 (p=0.003),-0.06486576916690011 (p=0.013),-0.09309318012368584 (p=0.000),0.14974363193924392 (p=0.000),0.010088296314517431 (p=0.701),0.012897195320876617 (p=0.623),-0.04187129397948195 (p=0.111),0.08013653018278126 (p=0.002),-0.07575000036404268 (p=0.004),-0.010694211443290042 (p=0.684),-0.09977006324760587 (p=0.000),-0.04268763543369128 (p=0.104),-0.03880731167346618 (p=0.139),0.015015020050770864 (p=0.567),0.030591669845854555 (p=0.244),0.02098076019925688 (p=0.424),0.04441654293181505 (p=0.091),-0.09157417967724177 (p=0.000),-0.03483929300370156 (p=0.184),0.09614810870313002 (p=0.000),-0.027116141724042392 (p=0.301),0.1408936744178174 (p=0.000),0,0,0,0,0,0
"studytime_(2, 3]",0.11370972764538917 (p=0.000),-0.09428951584934517 (p=0.000),-0.05977197047523902 (p=0.023),-0.05832488070024373 (p=0.026),-0.0021946528509769114 (p=0.933),0.05550542199310117 (p=0.034),0.04782579002357977 (p=0.068),0.013145780421808268 (p=0.616),-0.077175071540501 (p=0.003),0.04767851118342225 (p=0.069),0.01169470199155686 (p=0.656),0.18187822919233937 (p=0.000),-0.03359787710525806 (p=0.200),-0.017200476141478568 (p=0.512),0.04383825559046649 (p=0.095),-0.02318132800674976 (p=0.377),-0.03590159579868511 (p=0.171),0.003877851931427649 (p=0.883),0.02838676721702461 (p=0.279),0.017046942173946544 (p=0.516),0.052016183795744644 (p=0.047),0.11229697320728961 (p=0.000),0.022984281568129004 (p=0.381),-0.15813384048242998 (p=0.000),0.0707226614036124 (p=0.007),-0.05954000092247123 (p=0.023),-0.04049360731543597 (p=0.123),0.007954088427478512 (p=0.762),-0.014627282102511015 (p=0.577),-0.03804183919399807 (p=0.147),0.032242276882792555 (p=0.219),0.02420038540037952 (p=0.356),0.05112151074181947 (p=0.051),-0.01090728005687389 (p=0.678),-0.06224342519794375 (p=0.018),-0.05817836916341938 (p=0.027),-0.024982306727972095 (p=0.341),0.05834928786876433 (p=0.026),-0.05393681905543697 (p=0.040),0.04893593556158493 (p=0.062),-0.02773595898693082 (p=0.290),0.08417144993493067 (p=0.001),-0.06028188842616947 (p=0.022),0.04872811823426978 (p=0.063),0.1056137376080339 (p=0.000),-0.14654801825902972 (p=0.000),-0.049557303343993095 (p=0.059),0.01883682916648295 (p=0.473),0.05102074361112986 (p=0.052),-0.08987767727450202 (p=0.001),0.03810979545679566 (p=0.146),0.04901594727739139 (p=0.062),0.08850585783681532 (p=0.001),0.04672681145880675 (p=0.075),0.03400513091359113 (p=0.195),-0.03325815032275293 (p=0.205),0.003515383933265346 (p=0.893),-0.002770795708492064 (p=0.916),-0.010474116211355215 (p=0.690),0.0065387649512490195 (p=0.803),0.08313702247687277 (p=0.002),-0.07055690741980838 (p=0.007),-0.0023046656914670694 (p=0.930),-0.1560298310760927 (p=0.000),-0.8296112528876851 (p=0.000),0,0,0,0,0
"studytime_(3, 4]",-0.03897244011373074 (p=0.137),0.04610372360647833 (p=0.079),0.0050948163204194395 (p=0.846),-0.011578346095943966 (p=0.659),0.054437437901181884 (p=0.038),-0.041338611902860666 (p=0.115),-0.035075668639566356 (p=0.181),0.10181840594256286 (p=0.000),0.002862582252902478 (p=0.913),0.0036328818722091392 (p=0.890),-0.05785899019936424 (p=0.027),0.05789853592544242 (p=0.027),-0.06545444643995951 (p=0.013),0.029707470768415963 (p=0.258),0.02820482065588878 (p=0.282),-0.03832613843103775 (p=0.144),-0.015342188009871714 (p=0.559),0.015141631672930138 (p=0.564),0.02791768157634121 (p=0.287),0.002543555566944265 (p=0.923),0.006522451117823651 (p=0.804),0.050250708514171835 (p=0.055),-0.04342778680815196 (p=0.098),-0.018957723109254542 (p=0.470),0.06822950985607963 (p=0.009),-0.0635986288063702 (p=0.015),-0.023063221783314387 (p=0.379),0.05476388651923247 (p=0.037),0.02409461951615473 (p=0.358),0.026789574064097068 (p=0.307),-0.019719173858233508 (p=0.452),-0.028312688077766917 (p=0.281),0.05256118397809212 (p=0.045),-0.0379584065470221 (p=0.148),-0.03545087768325589 (p=0.177),0.08238017153982358 (p=0.002),-0.008408699336526259 (p=0.749),-0.04514550370593931 (p=0.085),0.02459485862774872 (p=0.349),0.06353912080076099 (p=0.015),0.06125294290613426 (p=0.020),-0.00751073846422039 (p=0.775),-0.045930119627260936 (p=0.080),0.03867645919768426 (p=0.140),-0.0008139840171157128 (p=0.975),-0.035524929632490695 (p=0.176),0.060247266550713684 (p=0.022),-0.05271656605767006 (p=0.045),-0.005919140400038284 (p=0.822),-0.0009358779610853731 (p=0.972),0.0748331792566562 (p=0.004),-0.058312994039793745 (p=0.026),0.03808872395585536 (p=0.147),0.0023134578739370153 (p=0.930),0.015479451286183775 (p=0.555),0.025739941520815112 (p=0.327),-0.06006408934280882 (p=0.022),-0.0330146329695252 (p=0.208),-0.06261832191779894 (p=0.017),0.15286630167972384 (p=0.000),-0.06914503256837447 (p=0.008),-0.05996624314921861 (p=0.022),0.051959521728319316 (p=0.048),-0.004787288552911556 (p=0.855),-0.4725068865867231 (p=0.000),-0.10008434813087759 (p=0.000),0,0,0,0
"traveltime_(0.997, 2]",0.11819983196959272 (p=0.000),-0.0871126103399667 (p=0.001),-0.07430040844226278 (p=0.005),-0.14928240072534274 (p=0.000),0.037657474276198755 (p=0.151),0.10077540249036722 (p=0.000),0.0308917104765184 (p=0.239),0.039781760749534066 (p=0.129),-0.06429316901294234 (p=0.014),0.01686189686939964 (p=0.520),0.0408602873414774 (p=0.119),0.13481280825037684 (p=0.000),-0.15270289928632438 (p=0.000),-0.06523436523573709 (p=0.013),0.18753540039393302 (p=0.000),-0.12775342552014954 (p=0.000),0.060303497941230584 (p=0.022),-0.03220103367506664 (p=0.220),0.06918522365477851 (p=0.008),0.07537675957805043 (p=0.004),-0.039718203649820996 (p=0.130),0.02873870961033366 (p=0.273),0.024860412225303597 (p=0.343),-0.058773082104861124 (p=0.025),-0.005359320890842105 (p=0.838),-0.0072311774743525885 (p=0.783),0.03358766994558672 (p=0.201),0.029570962573395747 (p=0.260),0.25659778119569626 (p=0.000),-0.005785610363083479 (p=0.825),-0.00504639538105729 (p=0.847),0.04123262705284198 (p=0.116),0.018079541926556295 (p=0.491),-0.00878556819380112 (p=0.738),-0.016752820592845184 (p=0.523),0.009243988128410647 (p=0.725),0.02594852133925992 (p=0.323),-0.028084243137498868 (p=0.284),-0.003169310488670115 (p=0.904),-0.021137595642628706 (p=0.420),-0.018831262129519834 (p=0.473),0.03133707487836553 (p=0.232),-0.015018569543596295 (p=0.567),0.01974078540100299 (p=0.452),0.04392675358021317 (p=0.094),-0.060458238243265905 (p=0.021),-0.029228609787756994 (p=0.265),0.055071731297333566 (p=0.036),-0.05263370246425057 (p=0.045),-0.021317896520052927 (p=0.417),0.0300001787624503 (p=0.253),-0.0049384560915520246 (p=0.851),0.025102924018722474 (p=0.339),0.17296827189053704 (p=0.000),0.014906976065332884 (p=0.570),0.06701724296160678 (p=0.011),-0.11270342519330598 (p=0.000),0.10713406841837585 (p=0.000),-0.06696907058534839 (p=0.011),0.07698397222602317 (p=0.003),0.008013314675370078 (p=0.760),-0.15247521986295617 (p=0.000),0.02164148547990064 (p=0.410),-0.05362740299166959 (p=0.041),-0.05228921895450278 (p=0.046),0.06216627563151677 (p=0.018),-0.004947050528003056 (p=0.850),0,0,0
"traveltime_(2, 3]",-0.09649568319071111 (p=0.000),0.09918728302884923 (p=0.000),0.029321164407629146 (p=0.264),0.09877398275768635 (p=0.000),-0.016594023220152385 (p=0.527),-0.0746197099586939 (p=0.004),-0.011215810912098983 (p=0.669),-0.02757072877776918 (p=0.293),0.03898372707019852 (p=0.137),-0.0007475616781583092 (p=0.977),-0.04863320800559092 (p=0.064),-0.10018377058831518 (p=0.000),0.11411273874214542 (p=0.000),0.05581535879644858 (p=0.033),-0.14653657208432072 (p=0.000),0.10676106339112593 (p=0.000),-0.042503144238087584 (p=0.105),0.04027638283640545 (p=0.125),-0.08657538246232419 (p=0.001),-0.0531270887083163 (p=0.043),0.04507967454968249 (p=0.086),-0.02326450995698432 (p=0.375),0.014591891534821046 (p=0.578),0.014094716197694984 (p=0.591),0.0016268255192277534 (p=0.951),0.009469447926796057 (p=0.718),-0.029101041734894407 (p=0.267),-0.013501616983245174 (p=0.607),-0.22578826845975575 (p=0.000),-0.011692631376322274 (p=0.656),0.02134675071130245 (p=0.416),-0.035724788371685016 (p=0.173),-0.03995659788595929 (p=0.128),0.02405872014523692 (p=0.359),0.032069563094374025 (p=0.222),-0.005047380483741142 (p=0.847),-0.006212908568375969 (p=0.813),0.008524991198483944 (p=0.745),0.0003013393904847088 (p=0.991),0.021587020178533377 (p=0.411),0.017821291124449766 (p=0.497),-0.033042438081941516 (p=0.208),0.01761209198332604 (p=0.502),-0.01291933912770667 (p=0.622),-0.03668748064362035 (p=0.162),0.047145487241915494 (p=0.072),0.029830520442717556 (p=0.256),-0.05920549884461539 (p=0.024),0.059362229136298496 (p=0.024),0.02574846201303133 (p=0.326),-0.032885312954397554 (p=0.210),0.0033175718104094354 (p=0.899),-0.04088274663180492 (p=0.119),-0.13779154438880484 (p=0.000),-0.03294508515523981 (p=0.209),-0.052699557423388714 (p=0.045),0.08191073621783049 (p=0.002),-0.11139430882047151 (p=0.000),0.07121931211697012 (p=0.007),-0.03901127599646008 (p=0.137),-0.021813993339706322 (p=0.406),0.1779447716559262 (p=0.000),-0.048416257272302136 (p=0.065),0.032527508951334036 (p=0.215),0.08292391362977217 (p=0.002),-0.07934455221501707 (p=0.002),-0.022529322725683528 (p=0.391),-0.8664203793248885 (p=0.000),0,0
"traveltime_(3, 4]",-0.06458165154138916 (p=0.014),-0.0024006686483693065 (p=0.927),0.09640927307182166 (p=0.000),0.1227026698368811 (p=0.000),-0.04577570887933546 (p=0.081),-0.06868881514463057 (p=0.009),-0.04182042441833644 (p=0.111),-0.030474380634744523 (p=0.245),0.05918015143308817 (p=0.024),-0.03239978677662776 (p=0.217),0.00488291906818247 (p=0.852),-0.09124605333154877 (p=0.001),0.10222500035792331 (p=0.000),0.03108378291519781 (p=0.236),-0.11415469464190385 (p=0.000),0.06540919482163944 (p=0.013),-0.04493052766704866 (p=0.087),-0.0073207534257700765 (p=0.780),0.015800080778990096 (p=0.547),-0.0561612128201026 (p=0.032),-0.0008383194300278237 (p=0.975),-0.01605327073447896 (p=0.541),-0.07572179898854055 (p=0.004),0.09246787459864066 (p=0.000),0.007823449020716284 (p=0.766),-0.0024006686483693065 (p=0.927),-0.015357774094954367 (p=0.558),-0.03510704379165601 (p=0.181),-0.11115324744103157 (p=0.000),0.03239978677662776 (p=0.217),-0.02792612136213072 (p=0.287),-0.01885338794399629 (p=0.472),0.03500043477372607 (p=0.182),-0.025276461295418644 (p=0.335),-0.02360670057473043 (p=0.368),-0.00950208573792772 (p=0.717),-0.040842626384464606 (p=0.120),0.04099691900275444 (p=0.118),0.005803306955589077 (p=0.825),0.003835478808530168 (p=0.884),0.005929007686465368 (p=0.821),-0.003835478808530168 (p=0.884),-0.0013254622627397528 (p=0.960),-0.01647942979513272 (p=0.530),-0.022528166114239294 (p=0.391),0.03697150064615965 (p=0.159),0.0053384270865141905 (p=0.839),-0.004715749235659468 (p=0.857),-0.0004405472307905405 (p=0.987),-0.0032158723523151153 (p=0.902),-0.0014409515663811722 (p=0.956),0.0039701080824534555 (p=0.880),0.022600133688299953 (p=0.389),-0.10058992177629919 (p=0.000),0.028858620730971136 (p=0.271),-0.040199950871051604 (p=0.126),0.07956395699375954 (p=0.002),-0.015908947705275105 (p=0.544),0.007117653708103281 (p=0.786),-0.08451832793779655 (p=0.001),0.022823180514086525 (p=0.384),-0.011923058093937426 (p=0.650),0.042942645413486434 (p=0.102),0.04934318909622452 (p=0.060),-0.043095887256380035 (p=0.101),0.01696210874986294 (p=0.518),0.05002375719946841 (p=0.057),-0.4572444030751324 (p=0.000),-0.047895700934296535 (p=0.068),0
