"F0_-200","F1_-100","F2_100","F3_200","F4_300","F5_0","F6_0","F7_0","F8_0","F9_0","F10_0","F11_0","F12_0","F13_0","F14_0","F15_0","F16_0","F17_0","F18_0","F19_0","T"
0,1,1,1,0,0,1,0,0,1,1,0,0,0,1,1,1,1,1,0,1
0,1,1,0,0,1,1,0,1,1,1,0,1,1,0,0,0,0,0,1,1
1,0,0,0,1,0,1,0,0,0,0,1,0,0,1,0,1,0,0,1,1
1,1,0,1,1,0,0,0,1,1,1,0,1,0,0,1,0,0,0,0,1
0,0,1,0,1,0,0,1,1,0,0,1,0,0,1,0,1,1,0,1,1
0,1,0,0,1,0,1,1,0,1,0,0,0,0,1,1,1,0,1,1,1
0,1,1,0,1,1,1,0,1,0,1,1,1,1,0,1,1,1,1,0,1
1,0,0,0,1,0,1,1,1,0,0,0,1,0,1,0,1,0,1,1,1
0,0,1,0,0,0,0,0,1,0,0,1,0,0,0,1,0,1,0,1,1
0,1,1,1,0,0,0,0,1,0,0,1,0,1,1,0,1,0,1,0,1
1,1,0,0,1,1,1,0,0,0,1,1,0,1,0,0,1,1,0,0,1
0,1,1,1,0,0,1,1,1,1,1,0,0,0,0,0,1,1,1,1,1
0,1,0,1,1,1,1,1,0,1,1,1,1,0,0,0,1,0,1,0,1
0,0,1,0,1,1,1,1,0,0,0,1,1,0,0,1,0,0,0,0,1
0,1,0,1,1,1,0,0,1,1,1,0,1,0,0,0,0,1,0,0,1
1,1,0,0,0,0,0,0,1,1,0,0,1,1,1,1,1,1,0,0,0
0,1,0,1,1,1,0,1,1,1,1,1,0,1,1,1,0,1,0,1,1
0,1,0,1,0,1,1,0,1,0,0,0,1,1,0,1,0,0,0,0,1
1,1,1,1,1,0,0,0,1,0,1,1,1,1,1,1,0,1,1,1,1
0,1,0,0,1,0,0,1,1,0,1,0,0,0,0,0,1,1,1,0,1
1,1,1,0,0,1,1,1,1,1,1,1,0,0,0,1,0,1,0,1,0
0,1,1,1,1,0,1,0,1,0,0,1,0,1,1,0,1,1,0,1,1
1,1,1,0,0,1,0,0,1,0,0,0,1,1,0,0,1,1,1,0,0
0,1,0,0,1,0,0,0,1,1,0,0,1,0,1,1,1,0,1,1,1
0,0,1,0,0,1,1,0,1,0,0,0,1,0,0,0,0,0,0,0,1
0,1,1,0,0,1,1,0,0,0,0,1,1,1,0,1,1,0,0,0,1
0,1,0,1,1,0,0,1,0,1,0,0,1,1,0,1,0,0,1,1,1
0,0,1,1,0,1,0,0,1,0,0,0,0,1,0,1,1,1,1,0,1
1,1,1,0,0,1,0,1,1,1,0,0,1,1,1,1,0,1,0,1,0
0,1,1,1,0,0,1,0,0,1,1,1,1,0,1,1,0,1,0,0,1
1,1,1,1,0,0,0,1,0,0,1,0,0,1,1,1,1,1,1,0,1
0,1,1,1,0,1,0,0,0,0,1,0,1,0,0,0,1,1,0,0,1
1,1,1,0,0,0,0,0,1,0,1,0,0,1,0,1,1,1,1,1,0
1,1,0,1,1,0,1,0,1,0,1,0,0,1,0,1,1,0,0,0,1
1,1,0,1,1,0,1,0,1,1,0,1,1,0,0,0,1,0,0,0,1
1,1,1,0,1,0,1,0,0,0,1,0,1,0,0,0,1,1,1,1,1
0,1,0,1,1,1,0,0,1,1,0,0,1,1,1,0,1,1,1,0,1
1,1,0,1,1,1,0,1,1,1,0,1,1,1,1,1,1,0,0,0,1
1,1,1,1,0,1,1,0,0,1,0,1,0,0,1,0,1,0,1,1,1
1,1,1,0,0,1,1,0,0,0,1,0,1,1,0,1,1,0,1,1,0
0,1,1,0,0,0,0,1,0,0,0,1,1,0,0,0,0,1,1,0,1
0,1,1,1,0,0,1,1,1,0,0,0,0,1,1,1,1,0,0,1,1
1,1,1,0,1,1,1,0,0,0,1,1,0,0,1,1,0,1,0,0,1
1,0,0,1,1,0,1,0,1,0,1,0,0,1,0,1,1,0,1,0,1
0,0,1,0,0,1,1,0,0,1,0,1,1,0,0,0,0,0,1,1,1
0,1,0,1,1,0,0,1,1,1,0,0,0,0,1,1,1,0,0,1,1
1,1,0,0,1,1,0,0,1,1,0,1,1,0,0,1,1,1,0,0,1
1,1,0,0,0,0,0,1,1,1,0,1,1,0,1,1,0,1,0,1,0
0,1,1,0,1,1,0,0,0,0,0,0,1,1,0,1,0,0,1,1,1
1,0,0,1,1,0,0,0,0,0,1,1,1,1,1,1,0,0,0,1,1
1,0,0,1,1,1,0,0,0,1,0,0,0,0,1,1,0,1,1,0,1
1,1,0,1,1,0,1,0,0,0,1,0,1,0,0,1,0,0,1,0,1
1,0,0,1,1,1,0,0,0,1,1,1,0,1,1,0,0,0,0,0,1
0,1,1,0,1,0,0,1,1,0,0,1,1,0,1,0,0,0,0,0,1
1,0,0,0,0,1,0,0,1,0,1,1,1,1,0,0,0,0,1,0,0
0,1,1,1,1,0,1,1,1,1,0,1,0,0,1,1,0,1,0,0,1
1,1,1,0,0,1,1,0,1,1,1,0,1,0,1,0,1,0,0,1,0
0,0,0,1,0,1,1,0,1,1,0,1,0,0,1,1,0,0,0,0,1
0,1,1,1,1,1,0,0,1,1,0,0,1,0,0,0,1,1,0,1,1
1,1,0,0,0,0,1,0,1,0,0,1,0,1,0,1,1,1,0,0,0
0,1,1,1,1,0,0,1,1,0,1,0,0,1,0,1,0,0,0,1,1
1,0,1,0,1,1,1,1,1,0,1,1,1,1,0,0,0,0,1,0,1
0,1,1,0,0,0,1,1,1,1,1,0,0,1,1,1,0,1,0,0,1
0,0,0,1,0,0,1,0,1,0,0,0,0,1,0,0,1,1,0,0,1
0,0,0,1,0,0,0,0,1,1,0,1,0,1,0,0,0,1,0,1,1
1,0,0,1,1,0,0,1,1,0,1,0,1,0,0,1,0,0,0,1,1
1,0,1,1,0,1,0,0,0,1,0,0,1,1,1,0,1,0,0,0,1
1,0,0,1,0,0,0,1,1,0,0,1,0,0,1,1,0,0,1,0,1
1,0,1,1,0,1,0,1,1,0,1,1,1,1,0,0,0,0,1,0,1
1,1,1,0,0,1,0,0,0,1,0,0,1,0,0,0,0,0,0,0,0
1,0,1,1,1,1,0,0,0,1,1,1,0,1,1,0,0,1,1,0,1
0,0,1,1,0,0,1,1,1,0,0,1,1,0,1,0,0,1,0,1,1
0,1,1,1,0,0,0,0,1,0,1,0,0,1,1,0,1,1,1,0,1
1,0,0,1,0,1,1,1,0,1,0,0,1,0,0,0,0,0,1,1,1
1,1,0,1,1,1,1,1,1,0,0,1,1,1,0,0,1,0,1,0,1
0,0,0,0,0,1,0,0,1,0,1,0,1,0,1,1,1,1,1,1,1
1,1,0,0,0,0,0,0,1,0,0,1,1,1,1,1,1,1,1,0,0
1,1,0,1,1,1,1,1,1,1,0,1,1,0,1,0,1,0,0,0,1
1,0,1,1,1,1,1,1,1,1,0,0,0,1,1,0,0,1,0,1,1
0,0,1,0,1,1,0,0,0,0,0,1,1,1,1,1,0,0,1,1,1
1,1,1,0,0,0,1,0,0,0,0,0,1,1,1,1,1,0,1,1,0
1,1,1,1,0,1,1,1,0,1,1,1,0,1,1,0,0,0,0,1,1
0,1,0,0,0,0,0,0,0,1,1,1,1,0,1,1,1,0,1,0,0
1,0,1,1,1,0,1,0,1,1,0,1,1,1,1,1,1,1,1,1,1
1,1,1,0,0,1,1,0,0,0,1,1,1,1,0,0,0,0,1,1,0
0,1,1,1,0,1,1,1,1,1,0,0,0,0,1,0,1,0,1,1,1
1,0,1,0,0,0,0,1,0,1,1,0,0,0,1,0,0,0,0,1,0
1,1,0,1,0,0,1,0,1,1,0,1,1,0,1,1,1,1,0,1,0
0,1,0,1,0,0,1,0,1,0,1,0,1,0,1,0,1,1,1,0,1
1,1,1,1,0,0,0,0,1,1,1,0,1,0,0,0,1,1,1,1,1
1,0,1,0,0,0,0,1,0,0,0,1,0,1,1,1,1,1,0,0,0
0,1,0,1,0,0,1,1,1,0,1,0,0,1,0,0,0,1,0,1,1
1,0,1,0,1,1,1,0,0,1,1,1,1,1,1,0,0,1,1,0,1
0,0,1,0,1,1,0,1,1,1,0,1,1,0,0,0,0,0,1,0,1
1,0,0,1,1,0,0,0,0,0,1,0,0,1,1,0,1,1,0,0,1
1,0,1,1,0,1,0,1,0,0,0,1,0,1,0,0,0,0,1,0,1
1,1,1,0,1,1,0,1,1,1,0,0,0,0,0,1,0,1,1,0,1
0,0,0,0,0,1,1,0,1,1,0,0,1,1,0,1,0,0,1,0,1
0,1,1,1,0,0,1,1,0,0,1,1,1,0,0,0,1,0,0,0,1
1,0,0,1,0,1,0,0,0,1,1,0,0,1,1,1,0,0,0,0,1
1,0,0,0,1,1,0,0,1,1,0,1,0,0,1,1,0,0,0,1,1
0,0,1,0,0,1,1,0,1,0,1,0,1,0,1,0,0,0,0,0,1
0,1,1,1,1,1,0,1,1,0,0,1,1,0,1,1,1,0,0,1,1
0,1,0,1,0,1,1,1,0,1,1,1,0,1,1,0,0,1,1,0,1
0,0,0,0,0,0,0,1,1,0,1,1,1,1,1,0,1,0,1,1,1
1,1,1,0,0,0,1,0,0,1,0,1,0,1,1,0,1,1,1,0,0
0,0,0,0,1,1,0,1,0,1,0,0,1,0,0,0,1,1,1,1,1
0,1,1,1,0,1,0,1,1,0,0,0,1,0,0,1,1,1,1,0,1
0,0,1,0,1,1,1,0,0,0,1,0,1,0,0,1,0,1,1,0,1
1,0,1,0,1,1,1,0,1,1,0,0,1,1,1,1,1,1,1,1,1
1,1,0,1,0,0,0,0,0,0,1,0,0,1,1,0,0,1,1,1,0
1,0,0,0,0,0,0,1,1,0,0,1,1,1,1,1,0,1,1,0,0
0,1,1,1,0,0,1,1,0,0,0,0,0,1,0,0,1,1,1,0,1
0,1,1,1,0,0,1,0,1,1,0,0,1,1,0,1,1,0,1,1,1
0,1,1,0,0,0,1,1,1,0,1,1,1,0,1,1,1,0,1,1,1
0,1,0,0,1,1,1,0,1,0,1,1,0,1,1,1,1,1,1,1,1
1,1,1,0,0,0,1,1,0,0,0,0,1,0,0,0,1,0,1,0,0
1,1,0,1,0,1,1,1,0,1,0,0,0,1,0,0,0,0,0,0,0
1,0,1,0,1,1,1,0,0,0,0,1,0,0,1,0,1,1,1,0,1
0,1,1,0,1,1,1,0,0,0,0,0,1,1,1,1,1,1,1,0,1
0,0,1,0,1,1,1,0,0,0,1,0,0,1,1,1,0,0,1,1,1
1,1,0,1,0,0,0,1,0,1,1,0,1,1,1,1,0,1,1,0,0
1,1,1,0,0,1,0,1,0,0,1,0,1,1,1,0,1,1,1,1,0
1,1,1,1,0,0,1,0,1,0,0,1,1,1,0,0,0,0,1,0,1
0,0,1,0,1,0,0,1,1,1,1,1,1,0,0,1,0,1,1,0,1
1,1,0,1,1,1,1,1,0,1,0,0,1,0,1,1,1,0,0,0,1
0,0,1,0,1,1,0,0,1,1,1,1,1,0,1,1,1,0,0,0,1
1,0,0,0,0,0,0,1,0,0,0,0,0,1,1,0,0,1,1,0,0
1,1,0,0,1,1,0,0,1,1,1,0,1,1,1,1,1,0,1,0,1
0,0,1,1,0,0,1,0,1,1,1,1,1,0,1,1,0,0,0,0,1
1,1,1,1,1,1,0,0,1,1,1,1,0,0,1,0,0,1,0,0,1
1,0,0,0,1,1,1,0,0,0,0,0,0,1,0,0,1,1,0,0,1
0,1,0,0,0,0,0,1,0,1,1,0,0,1,0,0,0,0,0,1,0
0,1,1,1,1,0,1,0,0,0,0,0,1,0,1,1,0,0,0,0,1
0,1,0,0,1,0,0,0,1,1,0,1,1,1,1,1,0,0,1,0,1
0,0,1,0,1,1,0,0,0,0,0,0,0,0,1,0,1,0,0,1,1
1,0,1,1,1,1,1,1,1,0,1,0,1,1,0,0,1,0,1,1,1
0,1,0,0,0,1,0,0,0,0,1,0,0,0,1,1,1,0,0,0,0
1,1,0,1,1,1,0,1,1,1,0,0,0,1,1,1,0,1,0,0,1
1,0,1,1,1,1,1,1,0,1,1,0,1,1,1,1,1,1,1,0,1
0,1,1,1,1,0,0,1,0,1,1,0,1,1,1,1,1,1,1,0,1
0,0,1,0,1,1,1,0,1,1,1,1,0,0,1,1,1,0,0,1,1
1,0,1,1,0,1,0,0,0,0,1,0,1,0,1,1,0,0,1,1,1
0,1,1,1,1,0,0,0,0,0,1,1,1,0,1,0,1,0,0,0,1
1,1,1,0,1,0,0,1,0,1,0,0,0,0,1,0,1,0,0,1,1
0,1,0,1,1,0,0,1,0,0,1,0,0,0,0,0,0,0,1,1,1
1,0,1,1,0,0,0,1,1,0,0,1,1,1,0,0,1,0,1,0,1
1,1,0,0,0,0,0,1,1,1,0,1,1,0,0,0,1,0,0,1,0
1,1,0,0,1,0,1,1,0,1,1,1,1,1,1,0,1,0,1,0,1
0,1,0,0,1,1,1,1,0,1,0,1,0,0,1,0,0,1,0,0,1
1,0,0,0,1,0,0,0,0,1,1,1,1,0,1,1,0,0,0,0,1
0,0,1,0,1,0,0,1,0,0,0,1,0,0,0,1,0,1,0,0,1
0,1,0,0,0,0,0,0,0,1,1,0,0,0,0,0,0,0,1,1,0
1,0,0,1,0,1,0,0,0,0,0,0,0,0,1,1,0,1,0,1,1
0,1,0,1,1,1,0,0,0,0,1,0,0,1,1,0,1,1,0,1,1
0,1,1,1,0,1,0,0,0,0,0,1,1,0,1,0,0,1,1,1,1
0,1,0,1,1,1,1,0,1,0,0,1,1,0,0,0,0,0,1,0,1
0,1,0,0,0,1,1,0,0,1,1,0,0,1,0,1,1,1,1,0,0
1,1,0,1,0,0,1,1,0,1,1,1,1,1,0,0,1,0,1,0,0
0,1,0,0,1,0,0,1,0,0,1,1,1,1,0,1,0,0,0,1,1
1,0,1,0,1,0,0,1,0,0,0,1,0,1,0,0,0,1,1,1,1
1,0,1,0,0,0,0,1,1,1,0,0,0,1,1,1,0,0,0,1,0
0,1,0,0,0,1,1,1,1,0,0,0,0,0,1,1,1,0,0,1,0
1,1,0,1,1,1,0,0,0,1,1,0,0,0,0,0,1,1,1,0,1
1,1,1,0,0,0,0,1,0,1,0,0,0,0,1,0,1,0,1,1,0
0,0,1,1,1,0,1,1,1,0,1,1,1,1,0,1,0,0,0,1,1
1,0,0,0,1,1,0,1,0,1,1,0,0,1,0,1,1,1,1,0,1
0,1,0,1,1,1,1,0,1,1,1,0,0,0,0,0,0,0,0,1,1
1,1,1,1,0,1,0,0,1,1,1,1,1,1,0,0,0,0,0,1,1
1,0,0,0,1,0,1,1,0,0,1,0,0,1,1,0,0,1,0,1,1
0,0,0,0,0,1,0,0,0,0,1,1,0,1,1,1,0,0,0,1,1
1,0,0,1,0,0,1,1,1,1,0,1,1,1,0,0,1,0,0,0,1
1,0,0,0,0,0,0,1,1,0,0,0,1,0,1,1,1,1,1,0,0
0,1,0,0,1,1,1,0,1,1,0,1,0,1,0,0,1,1,1,1,1
1,1,0,1,0,0,0,0,1,0,0,1,1,1,0,1,1,1,0,0,0
1,0,1,1,1,1,1,0,0,0,1,1,1,0,1,1,0,0,0,0,1
1,1,0,1,1,0,1,1,1,1,0,1,1,0,1,1,1,0,0,1,1
1,1,0,1,1,1,0,0,1,1,1,1,0,1,1,0,1,0,0,0,1
1,0,1,1,1,1,1,0,0,0,1,0,0,0,0,0,1,0,0,1,1
0,1,1,1,0,1,0,0,0,1,1,0,0,1,1,0,0,1,1,0,1
0,1,1,1,1,1,0,0,0,1,1,0,1,0,1,0,0,1,1,0,1
0,1,0,1,1,1,1,1,1,1,0,1,1,0,0,1,0,1,1,0,1
1,1,0,0,1,1,1,1,0,1,1,1,1,1,1,1,1,1,0,1,1
0,0,1,0,0,0,1,1,1,0,1,1,1,0,0,1,0,1,0,0,1
0,0,1,1,1,0,0,0,0,0,1,1,1,0,0,1,1,0,0,1,1
1,0,0,0,0,1,1,0,0,1,1,1,0,1,1,0,0,1,0,0,0
0,1,0,1,1,0,1,0,1,0,1,1,0,0,0,0,1,0,1,0,1
0,0,1,0,1,0,0,0,1,0,0,0,1,0,0,0,0,0,0,1,1
1,0,0,0,0,0,1,1,1,0,1,0,0,1,1,1,0,1,0,1,0
1,1,1,0,0,0,0,1,1,1,1,0,0,0,0,1,1,1,0,0,0
0,1,0,0,1,0,0,1,0,0,0,1,0,0,1,0,0,1,0,0,1
1,0,0,1,0,1,0,0,1,0,0,0,0,1,1,1,0,1,0,0,1
1,0,0,0,0,0,0,1,0,0,0,1,1,0,0,0,0,0,1,1,0
0,0,1,1,1,0,1,1,0,0,1,0,1,0,1,0,1,1,0,0,1
0,0,1,1,1,1,1,0,1,0,0,1,1,1,1,0,0,0,0,0,1
0,1,1,0,1,0,1,1,1,0,0,1,0,1,1,1,0,0,0,1,1
1,0,1,0,1,0,0,0,0,0,1,0,1,0,1,0,1,1,0,1,1
0,1,1,0,0,1,1,0,0,0,1,0,1,1,1,0,0,1,0,0,1
0,0,1,0,0,1,1,0,0,1,0,0,1,0,1,1,1,1,1,1,1
1,1,1,0,0,1,1,0,0,1,0,1,0,0,0,1,0,0,1,1,0
1,1,0,0,0,1,0,1,1,1,0,0,1,1,0,0,0,1,1,0,0
0,1,0,1,1,1,0,1,0,1,1,1,0,0,1,1,0,0,0,1,1
0,0,1,1,1,1,1,1,1,0,1,1,1,0,1,1,1,1,0,1,1
1,1,1,0,0,0,1,0,1,1,1,0,1,1,0,0,1,0,1,1,0
0,0,0,0,1,0,0,1,1,1,0,1,1,0,0,1,1,1,0,1,1
1,1,1,0,0,1,0,1,1,1,1,0,0,0,0,0,1,1,0,0,0
0,1,0,1,0,1,1,0,1,0,0,1,0,1,1,0,1,1,0,0,1
1,1,0,1,0,0,1,0,0,0,0,0,1,0,0,1,0,0,0,1,0
0,1,0,0,0,1,0,1,0,0,1,0,1,1,1,0,1,1,0,0,0
0,0,0,0,0,0,0,1,1,0,0,1,0,0,0,0,0,0,1,1,1
0,1,1,0,1,1,1,0,1,0,1,1,1,0,1,0,0,0,1,0,1
1,0,0,1,1,1,1,1,0,1,1,0,0,0,1,1,1,0,0,1,1
0,1,1,1,0,1,0,1,0,0,1,0,1,0,0,1,0,1,1,0,1
1,1,1,1,0,0,0,0,0,0,0,1,0,0,0,1,0,0,1,0,1
1,0,0,0,1,0,0,0,1,0,1,1,0,0,1,1,1,0,1,1,1
1,0,1,0,1,1,0,0,1,0,1,1,0,0,1,1,0,0,1,1,1
1,1,1,1,0,1,0,1,0,0,0,1,0,0,0,0,0,0,1,1,1
1,0,0,0,0,0,0,0,1,0,1,0,1,1,0,1,0,0,0,0,0
0,0,1,0,1,0,0,1,1,0,1,1,1,1,0,1,1,0,1,1,1
1,0,1,1,1,0,1,0,0,0,1,0,0,0,0,0,1,0,0,1,1
1,1,0,0,0,1,1,1,0,0,0,1,1,0,0,1,1,1,1,1,0
0,1,0,0,1,0,0,1,1,1,0,1,0,0,0,1,0,1,1,0,1
1,0,1,1,0,0,1,1,1,0,0,0,0,1,0,1,1,0,0,0,1
1,1,0,0,0,1,0,1,0,1,0,0,0,0,0,1,0,1,0,0,0
0,1,1,0,1,0,0,1,0,1,1,1,1,0,0,1,0,1,0,1,1
0,0,0,0,1,1,1,1,1,1,1,1,0,0,0,1,1,1,1,0,1
1,0,0,1,0,1,1,1,1,1,0,1,1,0,0,1,1,0,0,0,1
0,1,0,0,0,0,1,0,1,0,0,0,0,1,1,1,0,0,1,1,0
1,0,1,0,0,1,0,0,1,0,1,1,0,1,1,0,0,0,0,0,0
1,0,1,1,0,0,1,1,0,0,1,1,0,1,1,0,1,0,1,1,1
0,1,0,1,1,0,0,1,0,0,1,0,0,0,0,0,0,1,1,1,1
0,1,0,1,0,0,0,0,0,0,0,1,1,1,1,1,1,1,0,1,1
0,0,0,1,1,1,0,1,0,1,0,0,0,1,0,1,0,1,1,0,1
0,0,1,0,0,0,0,1,1,0,1,1,1,1,0,1,1,0,1,0,1
0,1,1,1,1,1,1,1,0,0,0,0,0,0,0,1,0,0,1,0,1
0,0,0,0,0,1,1,0,0,0,1,1,0,1,0,1,1,0,0,0,1
1,1,1,1,0,0,1,0,0,0,1,1,0,0,0,1,0,0,0,0,1
0,1,1,1,1,1,0,1,1,1,0,0,1,0,1,0,1,1,0,1,1
0,1,1,1,1,0,1,0,0,0,0,0,1,1,1,0,1,1,0,1,1
1,1,1,0,1,1,1,0,1,1,0,1,0,0,1,1,0,0,1,0,1
1,0,1,1,0,0,0,1,1,0,1,0,0,0,1,0,1,0,0,0,1
1,1,0,1,0,0,0,0,1,1,0,0,1,0,1,0,1,0,0,1,0
0,0,0,0,0,0,1,0,1,1,0,0,0,1,1,1,0,0,0,1,1
1,0,0,0,0,1,1,0,1,1,0,0,0,1,1,1,1,1,0,0,0
1,0,0,0,1,1,1,0,0,1,1,1,0,1,1,0,1,0,1,1,1
1,0,0,0,0,0,0,1,0,1,1,0,1,0,0,1,0,1,1,0,0
0,0,1,0,1,0,1,1,1,0,0,0,0,0,1,1,0,1,0,0,1
0,0,1,1,0,0,1,0,0,0,1,0,0,0,0,1,1,1,1,1,1
1,0,1,1,0,1,0,1,0,1,0,1,0,0,1,0,0,0,1,0,1
0,0,0,1,1,1,0,1,1,0,0,1,1,0,0,1,0,0,0,1,1
0,0,0,0,0,0,0,1,1,1,1,0,0,0,0,0,1,1,0,1,1
0,1,0,1,1,1,1,1,1,1,1,1,0,1,1,0,0,0,1,0,1
1,0,0,1,1,0,1,0,0,0,0,0,1,0,0,0,1,0,0,1,1
0,1,1,1,1,0,1,1,0,0,0,1,1,0,1,1,1,0,0,1,1
1,1,0,0,1,0,1,0,1,1,1,0,1,0,1,1,1,0,0,0,1
1,0,0,1,0,1,1,1,0,1,0,0,0,0,0,0,1,0,1,1,1
0,1,0,0,1,1,0,1,0,1,0,1,0,1,1,0,0,1,0,0,1
0,0,1,0,1,1,0,1,1,0,1,1,0,1,0,0,0,0,0,1,1
1,1,1,1,0,1,1,1,1,1,1,1,0,0,0,0,1,1,0,1,1
0,0,1,0,1,1,1,1,0,1,0,0,1,1,0,0,0,1,1,0,1
1,1,0,0,0,0,0,0,0,0,1,0,0,1,1,0,0,0,0,0,0
1,1,0,1,1,1,1,1,1,1,0,0,1,1,0,1,0,1,0,0,1
1,1,0,1,1,1,0,1,1,1,0,1,0,1,1,0,1,1,1,1,1
1,1,0,0,1,1,1,0,0,0,1,0,1,0,0,1,1,1,0,1,1
0,0,0,1,0,0,1,1,0,1,0,1,1,0,0,0,1,0,0,1,1
0,1,1,1,1,1,1,1,1,1,0,1,0,1,1,1,1,0,1,1,1
0,0,0,0,1,1,0,1,0,1,0,1,0,0,1,1,1,1,0,0,1
1,0,0,0,0,1,1,0,1,0,1,1,1,1,1,0,0,1,1,1,0
1,1,1,0,0,1,0,0,0,1,0,0,1,1,0,1,0,0,1,0,0
0,1,1,1,1,1,0,0,1,0,1,1,0,0,0,1,1,0,0,1,1
0,0,1,0,0,1,1,0,0,1,0,0,0,1,1,0,0,1,1,1,1
1,0,0,0,0,0,1,1,0,1,0,1,1,0,0,0,0,1,0,0,0
1,1,1,1,1,0,0,0,0,0,1,0,1,0,1,1,1,0,0,1,1
1,1,0,0,1,1,1,1,1,1,0,1,1,0,0,1,0,0,0,1,1
1,0,1,0,0,0,1,1,1,1,1,1,0,0,0,1,1,1,0,0,0
0,0,0,0,1,0,0,0,1,0,1,1,1,0,0,0,0,1,1,0,1
0,1,1,0,0,1,1,1,0,0,1,0,1,1,1,0,0,1,1,0,1
0,1,0,0,1,0,0,0,0,1,1,0,1,0,0,0,1,0,0,0,1
1,1,0,0,0,0,0,1,0,0,0,1,1,0,0,1,1,0,1,1,0
1,0,0,0,1,1,1,0,1,0,1,0,0,1,1,1,1,1,0,0,1
1,0,0,0,1,1,1,1,1,1,0,1,1,0,0,0,1,0,0,0,1
0,1,0,0,0,0,0,1,1,0,0,1,0,0,0,0,1,0,1,0,0
1,1,1,1,0,1,0,1,0,0,1,0,0,0,1,1,0,1,1,0,1
1,1,1,1,1,1,0,0,0,1,1,0,0,0,0,0,1,1,1,0,1
0,0,0,0,0,1,0,1,1,0,1,1,1,1,1,0,0,0,0,0,1
0,1,1,1,1,0,0,0,1,1,0,0,1,0,1,1,1,1,1,0,1
0,1,1,1,1,1,1,1,0,1,0,0,1,1,1,0,0,0,1,1,1
1,1,0,1,0,1,0,0,0,0,1,0,1,0,1,0,0,1,1,0,0
0,0,0,0,1,0,0,1,0,1,0,1,1,0,0,0,1,0,1,0,1
1,1,0,1,0,1,1,0,1,0,0,0,1,0,1,0,0,1,0,0,0
0,0,1,1,1,1,0,0,0,1,0,0,1,0,1,1,1,0,0,1,1
0,0,0,0,0,0,0,0,1,0,0,0,0,0,0,1,0,1,0,0,1
0,1,1,1,1,0,1,0,1,1,0,1,0,1,0,1,1,1,0,0,1
0,1,1,0,1,1,0,1,0,0,1,0,0,1,1,0,1,1,0,0,1
0,0,1,1,1,0,0,1,1,0,0,0,0,0,1,0,1,1,1,0,1
1,0,1,0,1,1,1,0,1,1,0,0,1,1,1,1,0,1,0,0,1
0,0,1,0,1,0,1,1,0,0,1,0,0,1,0,0,0,0,0,0,1
0,0,1,1,1,1,0,0,0,0,1,1,1,0,1,0,1,0,1,1,1
0,0,1,0,0,0,1,1,0,0,0,0,0,1,1,0,0,0,1,0,1
1,1,0,1,0,1,0,1,0,1,1,1,1,0,0,1,1,1,1,1,0
0,0,0,1,1,1,1,0,0,0,0,0,1,0,1,1,0,1,1,1,1
1,0,0,0,1,1,0,1,1,0,0,0,0,0,0,1,1,0,1,0,1
0,1,0,1,0,1,1,1,1,1,0,0,1,1,1,0,1,1,0,0,1
0,0,0,1,1,0,0,0,0,1,1,0,0,0,1,0,1,1,1,1,1
1,1,1,0,1,1,0,1,1,1,1,1,1,1,0,1,1,1,1,1,1
0,0,0,0,0,1,0,0,0,1,0,1,0,0,0,0,1,0,0,0,1
1,1,1,1,1,0,1,1,1,0,0,1,0,1,1,0,1,0,0,0,1
1,1,1,0,1,1,1,1,1,1,1,0,1,0,0,1,0,1,1,0,1
0,1,1,0,0,1,1,1,0,0,1,1,1,1,1,0,1,0,0,1,1
0,0,1,0,0,0,1,0,1,0,1,1,1,1,0,1,1,1,1,0,1
0,0,1,0,0,0,1,0,1,1,1,0,1,0,1,0,0,0,0,1,1
1,1,1,1,1,1,0,1,1,1,0,0,0,0,0,0,0,1,1,1,1
1,0,0,0,1,0,0,0,1,1,1,1,0,1,1,1,1,1,1,0,1
1,0,1,1,1,1,0,0,0,0,1,0,1,0,0,1,1,1,1,0,1
0,0,0,1,0,0,0,1,1,1,0,0,1,1,1,1,1,0,0,1,1
0,0,0,0,1,1,0,0,1,1,0,0,1,1,0,0,0,1,1,0,1
1,1,0,1,0,0,0,1,0,1,0,0,1,1,0,1,1,1,0,0,0
0,1,0,0,0,1,0,0,1,1,1,0,0,1,1,0,1,1,0,0,0
1,0,1,0,0,1,0,0,0,1,0,0,1,1,1,0,1,0,1,0,0
1,0,1,1,0,1,0,1,0,0,1,0,0,0,1,0,0,1,0,1,1
1,0,1,0,1,1,0,0,1,0,1,0,0,0,1,0,1,1,0,0,1
1,1,0,1,1,1,1,1,1,0,0,1,1,1,0,1,1,0,1,0,1
1,1,1,0,0,1,1,0,0,1,1,1,0,1,0,1,0,1,1,0,0
1,0,1,0,1,1,0,0,1,1,0,0,0,0,0,1,1,0,1,1,1
1,0,1,0,0,0,1,0,1,1,1,1,1,0,0,0,0,0,0,0,0
1,1,0,0,1,0,0,0,0,0,1,0,1,0,0,1,0,0,0,0,1
0,1,0,0,0,0,0,1,0,0,1,0,1,0,0,1,0,1,0,1,0
0,1,0,1,1,1,1,1,0,1,1,0,1,0,0,1,1,1,0,1,1
0,1,1,1,1,1,1,0,0,1,1,1,1,0,1,1,0,0,1,1,1
1,1,0,1,1,0,1,1,0,1,1,1,0,0,1,1,1,1,1,1,1
0,1,1,1,0,1,1,1,0,0,1,0,0,1,0,0,1,0,0,1,1
0,0,0,0,1,0,1,0,1,1,1,0,1,0,1,1,0,1,0,1,1
1,0,0,0,0,1,0,0,0,1,0,0,0,1,0,0,0,0,1,0,0
1,0,1,0,1,1,1,1,0,0,0,1,1,0,0,0,0,1,1,1,1
1,1,1,0,0,0,0,0,1,1,1,1,1,1,0,1,0,0,1,1,0
1,0,0,1,0,0,1,0,1,0,0,0,1,1,0,1,1,0,0,0,1
0,1,0,1,1,0,0,1,1,0,0,1,1,1,0,0,1,0,0,1,1
0,1,1,1,1,0,0,1,0,1,0,1,0,1,0,1,1,1,0,0,1
1,0,1,1,0,1,0,1,0,0,0,0,1,0,0,0,0,1,0,1,1
0,1,0,1,1,0,1,1,1,1,1,1,0,1,1,0,0,0,0,1,1
0,0,0,1,0,0,0,1,1,0,1,0,0,0,0,1,0,0,0,1,1
0,1,0,1,1,0,1,0,0,1,0,0,0,0,1,0,0,0,0,1,1
1,1,1,1,0,0,0,0,0,0,1,1,1,0,0,0,1,0,1,0,1
1,0,1,0,0,1,0,1,1,1,1,0,1,0,1,1,0,1,1,0,0
1,1,0,0,1,0,0,1,0,1,0,1,0,1,0,0,0,0,1,1,1
0,1,1,1,1,0,0,0,0,1,1,0,0,1,0,0,1,1,0,0,1
1,1,1,1,0,1,1,1,0,1,0,1,0,0,0,0,0,1,0,0,1
0,1,0,0,1,0,1,0,0,1,0,1,1,1,1,1,1,1,0,1,1
1,0,1,1,1,1,0,1,0,0,0,1,0,1,0,0,0,1,1,0,1
1,1,0,0,1,0,1,0,1,0,0,1,1,1,1,1,1,0,1,0,1
0,0,1,0,0,0,0,1,0,0,0,0,0,1,0,0,0,0,1,1,1
1,1,0,0,1,0,1,0,0,0,0,1,1,0,0,1,1,0,1,0,1
1,0,1,0,1,0,1,0,0,1,1,0,0,0,1,0,0,1,1,0,1
0,1,1,1,1,0,0,1,1,1,0,0,0,1,1,0,1,0,1,0,1
0,1,0,0,1,1,1,0,0,1,1,0,0,1,0,1,0,0,1,0,1
1,1,1,0,1,0,0,0,0,0,1,1,1,0,1,0,0,0,1,0,1
1,1,1,0,0,0,0,1,1,1,0,0,1,1,0,0,0,0,0,0,0
1,1,1,1,0,1,1,0,0,0,1,0,0,1,0,0,1,0,1,0,1
0,0,1,1,0,1,1,1,0,1,1,0,0,1,1,0,0,0,1,0,1
1,0,1,1,0,1,1,0,1,1,0,1,0,1,0,1,0,1,1,1,1
0,0,1,1,1,1,1,0,0,0,0,0,1,1,0,1,0,1,1,1,1
0,1,0,1,1,0,0,0,0,1,1,0,0,1,0,1,0,0,1,0,1
0,1,0,0,1,0,0,0,1,0,1,1,1,0,0,1,1,0,0,1,1
1,0,0,1,0,0,0,0,1,0,0,1,0,0,0,0,1,0,1,1,1
1,0,1,1,1,1,1,0,0,0,0,0,1,1,1,0,0,0,1,1,1
1,0,0,1,0,0,1,1,0,1,0,0,0,0,0,0,0,1,1,1,1
1,0,1,0,0,1,1,0,1,0,0,0,1,1,1,0,1,1,0,1,0
0,0,1,1,0,0,0,0,0,1,1,0,1,0,0,1,0,1,1,0,1
1,1,0,1,0,0,0,0,0,1,1,1,0,0,1,1,0,1,1,0,0
1,0,0,0,1,0,1,0,0,0,1,0,1,1,0,1,1,0,0,1,1
1,1,0,1,1,0,0,0,0,0,1,0,1,1,0,0,1,1,1,0,1
1,1,0,1,1,1,1,1,1,1,0,0,1,1,1,1,0,0,0,1,1
1,1,0,0,0,1,1,0,1,1,0,1,1,1,0,0,0,1,1,0,0
0,1,1,1,0,0,0,0,1,0,0,0,1,1,1,0,0,1,1,0,1
0,0,1,1,0,1,0,0,1,0,1,1,0,0,1,0,1,1,0,0,1
0,1,1,0,1,0,1,0,0,0,0,1,1,1,0,0,0,1,0,0,1
1,1,0,0,0,1,1,1,0,1,1,1,1,1,1,0,0,0,0,0,0
1,0,0,0,0,1,1,0,1,0,0,0,0,0,0,1,1,0,1,0,0
0,0,0,1,1,0,1,1,1,1,1,0,0,0,1,1,1,0,1,0,1
0,0,0,0,1,0,1,1,1,0,0,1,0,0,1,0,0,0,1,1,1
0,0,0,0,1,0,1,1,0,1,0,1,0,1,0,0,0,0,0,1,1
1,1,1,0,1,0,0,1,0,0,0,1,1,1,1,1,0,0,1,1,1
1,0,1,1,1,1,0,0,1,0,0,1,1,0,1,0,1,1,0,0,1
1,0,1,1,0,1,0,0,0,1,0,0,1,0,0,1,0,0,0,0,1
1,0,0,0,1,1,0,0,0,1,1,1,0,1,1,0,0,1,1,1,1
0,0,0,0,1,1,0,0,1,1,1,0,0,0,0,1,0,1,0,0,1
0,0,0,1,1,0,0,1,0,1,1,0,1,1,1,0,1,1,1,1,1
0,0,0,0,1,1,0,0,0,1,0,0,1,1,1,1,0,0,0,1,1
1,1,0,1,1,1,1,1,1,1,1,1,1,0,0,1,1,0,1,0,1
0,1,0,0,0,0,0,1,0,0,0,1,1,0,1,0,0,1,0,0,0
1,1,1,1,0,1,1,0,1,1,0,0,0,0,0,1,1,0,1,0,1
1,0,0,0,0,1,0,0,0,0,0,0,0,1,0,1,0,1,1,0,0
1,1,0,0,0,1,1,1,0,0,1,1,1,1,0,1,1,0,1,0,0
1,1,0,1,0,1,0,1,1,0,1,0,0,1,0,0,0,1,0,1,0
0,1,0,1,1,0,1,0,0,1,1,1,0,0,1,0,0,0,1,1,1
0,0,0,0,0,1,0,0,1,1,0,0,0,0,0,1,0,0,1,1,1
1,1,1,1,1,1,1,1,0,1,0,1,0,1,0,0,0,0,0,1,1
0,1,1,1,0,0,0,0,1,0,0,1,1,0,1,0,1,0,0,0,1
0,1,0,0,0,0,0,0,0,0,1,0,1,1,0,1,1,1,0,0,0
1,0,0,0,0,1,0,0,1,0,1,0,0,1,1,0,0,1,1,0,0
0,1,1,0,0,1,0,0,1,0,0,0,1,1,0,0,1,0,0,0,1
0,0,1,1,1,0,1,0,1,1,1,1,1,1,0,1,0,0,0,1,1
1,0,1,0,1,0,1,0,1,1,1,0,1,0,0,1,1,0,0,1,1
0,1,0,1,0,0,1,0,1,0,0,0,0,1,1,0,1,1,0,0,1
1,0,1,1,1,1,1,0,0,0,1,0,0,1,1,0,0,0,0,0,1
1,1,0,0,1,0,0,0,1,1,0,1,0,0,1,1,1,0,1,1,1
0,1,1,0,1,0,1,1,0,0,0,0,0,0,1,1,1,1,1,1,1
1,0,1,0,1,1,0,1,0,0,0,0,0,1,1,0,0,1,0,0,1
1,1,1,0,1,1,1,0,1,0,1,0,1,0,1,0,1,0,1,1,1
1,0,0,1,1,0,1,0,0,0,0,1,1,0,0,0,1,0,0,0,1
1,1,0,1,0,0,0,1,0,1,1,1,1,0,1,0,1,1,1,0,0
0,0,0,1,1,0,1,1,0,0,1,0,0,0,0,1,1,1,1,1,1
0,0,1,0,0,1,1,1,1,0,0,1,0,1,1,0,1,0,0,1,1
1,1,0,0,0,1,0,1,1,1,0,1,1,1,0,0,0,0,1,0,0
0,0,0,0,1,0,0,0,0,0,0,0,0,1,0,1,1,0,0,0,1
0,1,1,0,1,0,0,0,1,0,0,0,1,1,0,1,0,0,0,0,1
0,1,0,1,0,1,1,0,1,0,1,0,1,1,0,1,0,1,0,0,1
1,0,0,1,0,0,0,0,0,1,1,0,1,0,1,0,1,1,0,1,1
0,1,0,1,1,0,0,0,1,0,0,1,0,0,0,1,0,1,1,1,1
1,0,0,0,1,0,0,1,1,0,1,1,1,0,0,0,0,1,1,0,1
1,1,0,0,0,0,1,0,0,0,0,1,0,1,0,0,1,1,1,0,0
1,1,0,0,1,1,0,1,1,1,0,1,0,0,1,0,1,1,0,0,1
1,0,0,1,1,0,0,0,0,0,0,1,0,0,0,1,0,0,0,1,1
1,0,1,0,0,0,0,1,1,0,0,0,0,1,0,0,1,1,0,0,0
0,1,1,1,0,1,0,0,0,0,1,1,0,0,0,0,0,1,0,0,1
1,0,1,1,0,1,0,1,0,0,1,1,1,1,1,0,0,1,1,1,1
1,0,1,0,0,1,1,1,0,0,0,1,0,1,1,1,0,1,1,1,0
0,0,1,1,0,1,1,1,1,0,1,0,0,0,1,1,0,0,0,1,1
1,1,0,1,0,0,1,0,1,1,1,0,1,0,1,1,1,1,0,1,0
0,1,0,1,0,0,1,0,0,1,1,0,0,0,1,1,1,1,1,0,1
1,0,1,1,0,0,1,0,0,1,0,0,0,1,0,1,0,1,0,0,1
0,1,0,0,1,1,0,0,1,0,1,1,1,0,1,1,1,1,1,0,1
1,0,1,1,1,1,1,0,0,0,1,1,0,1,0,0,0,0,1,0,1
1,0,1,0,0,0,1,1,0,0,0,0,1,0,1,0,1,0,0,1,0
0,0,0,0,1,1,0,0,0,1,0,0,0,0,1,1,1,1,0,0,1
0,0,1,0,1,1,1,1,0,0,1,0,0,1,0,0,0,1,0,1,1
0,0,1,0,1,1,0,1,1,0,0,1,0,0,0,0,0,0,1,1,1
1,1,0,0,1,1,0,1,0,1,1,0,0,1,0,0,0,0,0,0,1
0,0,1,0,0,1,1,1,1,1,1,1,1,0,0,0,1,0,1,1,1
0,0,0,0,1,1,1,0,0,0,1,1,0,1,1,1,1,0,1,0,1
0,1,1,1,1,0,1,0,0,1,1,1,1,1,1,1,1,1,0,0,1
0,1,0,0,0,1,0,1,1,1,1,1,0,0,0,0,1,0,0,0,0
0,0,1,1,1,1,0,0,0,1,0,0,1,1,1,0,1,1,1,1,1
0,1,1,0,0,0,0,1,0,0,1,0,0,1,0,0,0,0,1,0,1
1,1,0,1,1,0,0,1,0,0,1,1,1,0,0,0,1,1,0,1,1
0,1,1,1,0,1,1,1,0,1,1,0,1,0,0,0,1,0,1,0,1
0,1,0,0,0,1,0,0,0,1,1,0,0,1,1,0,1,1,1,0,0
1,0,1,1,0,1,0,1,1,1,1,0,0,1,1,0,0,0,0,1,1
0,0,1,0,1,1,0,1,0,1,1,0,1,0,0,0,1,1,0,0,1
1,1,0,0,0,1,1,0,0,1,1,1,1,0,1,0,1,1,1,1,0
0,1,0,0,1,1,0,0,0,1,0,1,1,0,1,0,0,1,1,1,1
1,1,1,1,1,0,1,1,1,1,1,0,0,1,0,1,0,1,0,0,1
1,0,0,0,0,0,1,1,0,1,1,0,0,0,0,1,1,0,1,1,0
1,0,0,1,1,1,1,0,0,0,0,1,0,0,1,1,0,1,1,0,1
1,1,0,1,1,0,0,0,0,0,1,1,1,1,1,1,1,0,0,0,1
0,0,0,0,0,0,0,0,1,1,1,0,0,0,1,0,1,0,0,1,1
0,1,1,0,1,0,0,1,0,1,1,1,0,0,0,1,1,0,0,1,1
0,1,1,1,1,1,1,0,1,1,0,0,1,0,1,1,0,1,1,0,1
1,1,0,1,1,1,1,1,0,0,1,0,1,0,1,1,0,0,0,1,1
0,1,0,0,1,0,1,1,1,1,0,1,1,1,1,0,0,0,0,1,1
1,0,0,1,1,0,0,0,0,0,1,1,0,0,1,1,0,1,0,0,1
0,1,0,0,0,0,0,0,1,0,1,1,1,0,1,1,0,1,1,1,0
0,0,0,1,1,0,1,0,0,0,0,0,1,1,1,0,1,0,0,1,1
0,0,0,1,0,1,1,0,1,0,1,0,0,0,1,0,0,0,1,1,1
1,0,0,0,0,0,1,1,0,1,1,1,1,1,1,1,1,1,1,0,0
0,1,1,0,1,1,0,0,0,0,0,1,0,1,0,1,0,0,1,0,1
0,1,0,0,0,0,1,0,0,0,0,1,1,0,0,1,0,1,1,0,0
1,0,1,0,1,1,0,1,0,0,0,0,0,0,0,1,0,0,1,0,1
1,1,0,1,0,1,1,0,1,0,0,0,1,0,1,0,0,0,1,1,0
0,1,1,0,1,0,0,1,0,1,0,0,1,0,1,0,1,1,0,1,1
1,0,1,0,1,1,0,1,1,1,0,0,0,0,1,1,1,0,0,0,1
0,0,1,0,0,0,0,0,1,1,0,1,0,1,1,1,1,1,0,0,1
0,1,1,0,0,1,1,0,1,1,1,0,0,0,0,1,0,0,1,0,1
1,1,0,0,0,1,0,1,1,1,1,0,1,1,0,0,0,0,1,1,0
0,0,1,0,0,0,0,1,0,0,0,0,1,0,1,0,1,0,1,1,1
0,1,1,0,0,1,0,1,0,1,0,1,0,1,0,1,0,0,0,0,1
0,0,0,0,1,1,1,1,0,0,0,1,1,1,1,0,1,1,1,0,1
1,0,0,1,1,1,1,1,1,1,1,0,0,1,1,1,0,0,0,1,1
1,0,0,0,1,0,0,0,1,1,1,1,0,1,1,1,0,1,0,0,1
1,1,1,1,1,0,1,0,0,1,1,0,1,0,1,1,1,0,1,0,1
1,0,1,0,1,1,0,1,1,0,0,0,0,0,1,1,1,1,1,0,1
0,1,1,1,0,0,0,1,0,1,1,1,0,0,0,0,0,0,0,0,1
0,1,0,1,1,1,1,1,1,0,0,1,1,0,0,0,0,0,0,1,1
1,1,1,1,1,1,1,0,0,1,1,1,1,1,0,0,0,0,0,0,1
1,1,1,0,0,0,1,1,0,1,0,1,0,0,1,1,0,0,0,0,0
0,0,1,0,1,0,0,1,0,1,1,1,0,0,1,0,1,1,1,1,1
0,0,0,1,1,1,0,1,1,1,1,0,1,1,0,1,1,1,1,1,1
0,0,1,0,1,1,1,1,0,1,0,0,1,0,0,1,1,0,1,1,1
0,1,1,0,0,1,0,0,0,1,1,0,1,0,1,0,1,0,1,1,1
0,1,0,0,1,1,0,1,0,1,0,1,0,0,1,1,0,1,0,1,1
1,1,0,0,1,1,0,1,1,1,1,1,0,1,1,1,1,0,1,0,1
1,0,1,1,1,0,0,1,0,1,0,1,0,1,1,1,0,0,1,1,1
0,0,0,1,1,0,0,1,0,0,0,0,1,0,0,1,1,1,0,0,1
1,1,1,0,0,0,1,1,1,1,1,1,0,0,1,0,1,0,0,0,0
0,1,1,0,0,0,0,0,1,1,1,1,0,0,0,1,0,1,1,0,1
1,1,1,1,1,0,0,1,0,1,1,0,1,0,1,0,0,1,0,0,1
1,1,1,0,1,0,1,1,1,1,0,0,0,1,0,0,1,0,0,1,1
0,0,1,1,0,0,0,0,0,0,1,1,0,1,1,0,1,0,0,1,1
0,0,0,1,1,1,1,0,1,0,1,0,1,1,0,0,1,0,1,1,1
0,0,1,1,1,0,1,0,1,1,0,0,1,0,1,1,0,0,0,0,1
0,1,1,1,0,1,1,1,0,0,1,1,0,0,0,1,0,1,0,0,1
0,1,1,1,0,1,1,0,1,1,0,0,1,1,0,1,1,0,0,1,1
1,0,1,1,0,1,1,0,0,1,1,1,0,0,0,0,0,1,1,0,1
0,1,1,1,1,1,0,0,1,0,0,0,0,0,0,1,0,0,0,1,1
1,0,1,1,0,1,1,1,0,0,1,1,1,1,0,0,1,1,1,1,1
0,0,0,1,1,1,1,0,0,1,0,0,1,1,0,0,1,1,0,1,1
1,0,1,0,1,0,0,0,1,0,0,1,0,1,1,1,1,0,0,1,1
0,1,0,1,1,1,1,1,1,1,0,0,1,0,0,1,0,1,0,0,1
1,1,1,0,1,0,0,0,1,0,0,1,1,1,0,1,1,0,1,0,1
0,0,1,1,0,0,1,0,1,0,1,0,1,1,0,0,1,1,0,0,1
1,1,0,1,0,1,1,1,1,0,0,1,1,0,0,0,0,0,1,1,0
1,0,0,1,0,0,1,0,1,0,0,0,1,0,1,0,0,1,0,1,1
1,0,1,1,1,1,1,1,1,1,1,1,0,1,1,0,1,1,0,0,1
1,1,1,0,1,0,0,0,0,0,0,0,1,1,0,0,0,1,0,0,1
1,0,0,1,0,1,0,1,1,1,1,1,0,1,0,0,1,0,0,1,1
0,1,1,0,0,0,0,0,1,0,0,1,1,1,1,1,1,1,0,0,1
1,0,1,1,1,0,1,1,0,1,1,1,0,1,1,1,0,1,0,1,1
0,0,1,1,0,1,0,1,1,1,1,1,1,0,1,1,1,0,1,0,1
1,0,0,1,0,1,1,0,1,1,0,0,0,1,0,0,0,1,0,1,1
1,0,1,1,1,0,1,1,1,1,0,0,1,1,1,0,1,0,0,1,1
1,1,0,1,1,0,0,1,0,0,0,0,1,0,1,0,0,1,0,0,1
1,0,1,0,1,1,1,1,0,0,1,0,0,0,1,0,0,0,0,0,1
0,1,1,0,1,0,1,0,0,0,0,0,1,0,1,0,0,1,0,1,1
1,0,1,0,1,1,0,1,1,1,1,0,0,1,0,1,0,1,0,0,1
0,0,0,1,0,1,0,0,1,1,1,1,1,0,0,0,1,0,0,1,1
1,1,1,1,0,1,0,0,1,1,0,0,0,1,0,1,1,1,0,1,1
1,1,1,0,0,0,0,1,0,0,0,1,0,0,0,1,0,1,0,1,0
0,1,1,0,0,0,1,1,0,1,0,0,0,1,0,0,1,0,1,1,1
0,1,1,0,0,1,1,0,0,0,1,1,0,0,0,0,1,0,1,1,1
0,0,1,0,0,0,1,0,0,1,0,0,1,0,0,0,1,1,0,1,1
1,1,1,0,1,0,0,0,1,1,1,1,1,1,1,1,0,0,1,0,1
1,0,0,1,1,0,1,1,0,0,1,1,1,1,0,1,0,0,1,1,1
1,0,1,0,0,1,1,0,0,0,1,0,1,1,0,0,1,1,1,0,0
1,1,1,1,1,1,1,1,1,0,1,1,1,1,0,0,0,1,0,1,1
0,0,1,0,0,1,1,0,1,1,0,0,1,1,1,0,0,1,0,0,1
0,1,0,0,0,1,0,0,1,0,1,0,1,1,1,0,1,0,0,1,0
1,1,0,1,0,1,1,0,1,0,0,1,1,0,1,1,1,0,1,1,0
0,0,1,1,0,1,1,0,0,1,0,0,0,0,1,0,0,1,0,1,1
1,1,1,1,1,1,1,0,0,0,1,1,0,0,1,1,0,1,0,0,1
0,1,0,0,1,1,0,1,0,0,1,1,0,1,0,1,1,1,1,0,1
1,0,0,1,1,0,1,0,0,1,1,0,1,0,0,1,0,1,0,1,1
1,1,1,0,0,0,1,1,1,0,0,1,0,0,0,0,1,1,0,1,0
0,0,0,1,0,0,0,1,0,0,0,1,0,0,0,0,1,0,0,1,1
0,1,1,0,0,0,0,1,0,1,0,1,1,1,1,1,1,1,1,0,1
0,0,0,0,1,0,1,1,1,1,1,0,0,1,1,1,0,0,1,1,1
0,0,1,1,0,1,1,0,0,0,1,1,0,1,0,1,0,1,0,0,1
0,1,0,0,1,0,0,1,1,0,0,0,1,0,1,1,1,1,0,1,1
1,1,0,1,0,0,0,1,1,1,1,0,1,0,1,0,0,0,0,1,0
1,0,1,0,1,1,0,0,0,1,1,1,0,0,0,1,1,0,1,1,1
0,0,0,0,1,1,1,1,0,0,0,0,1,0,1,1,0,0,1,0,1
1,0,0,1,1,0,0,0,1,0,1,0,1,1,0,0,1,0,0,1,1
0,0,0,1,0,1,1,1,1,1,1,0,0,0,0,0,0,0,1,1,1
0,0,1,0,1,1,1,1,0,0,1,1,1,0,0,0,1,0,1,0,1
1,0,1,0,0,1,0,0,1,0,1,1,1,1,0,1,0,0,1,0,0
1,1,0,0,1,0,0,1,1,1,0,1,1,0,0,0,0,1,0,1,1
1,0,1,1,1,0,1,0,1,0,0,1,1,0,0,1,0,1,1,0,1
0,0,1,0,1,1,1,1,0,0,1,1,0,0,1,0,1,0,1,0,1
1,1,1,0,0,1,0,0,0,1,1,1,0,0,0,1,1,1,1,1,0
0,0,0,0,0,0,1,0,1,0,1,0,1,0,0,0,1,1,1,0,1
1,0,0,0,0,1,0,0,1,0,1,1,1,0,0,1,1,0,0,0,0
0,1,1,1,0,1,0,0,1,1,1,1,0,1,1,0,0,1,0,0,1
1,0,0,1,1,0,0,1,1,1,1,0,0,1,1,1,1,1,0,1,1
0,1,1,0,0,0,1,1,1,1,0,0,0,1,0,1,1,0,0,0,1
0,0,1,0,1,1,1,0,0,1,0,1,1,1,0,1,0,0,1,1,1
1,1,1,0,1,1,0,1,1,0,0,0,1,1,0,1,0,1,0,0,1
1,0,1,1,0,1,0,1,1,1,1,0,1,1,1,1,0,1,0,1,1
0,1,1,0,1,0,1,1,1,0,0,0,1,1,1,1,0,1,0,1,1
0,0,0,1,1,0,1,0,1,1,0,1,0,0,0,1,1,0,0,1,1
0,1,0,1,0,1,1,0,1,1,1,1,1,1,1,0,0,0,1,0,1
1,0,0,1,1,0,1,0,1,1,1,1,1,1,1,1,0,0,1,0,1
1,1,1,1,0,1,1,0,0,0,0,0,0,1,1,1,1,0,1,0,1
1,0,1,0,0,1,0,0,0,0,1,1,1,0,0,0,1,0,1,0,0
0,1,0,0,0,0,1,0,1,1,0,1,0,1,0,0,0,1,1,1,0
0,0,1,0,1,0,0,1,1,0,1,1,1,1,1,0,1,1,0,1,1
0,1,1,0,1,0,1,1,1,1,1,0,0,0,1,1,1,1,0,0,1
1,1,1,1,1,0,0,0,0,0,0,0,1,1,1,0,0,0,1,1,1
1,0,0,1,0,1,0,0,1,1,0,1,1,1,0,1,1,1,0,1,1
1,1,0,0,1,1,0,0,1,0,0,0,0,1,0,0,1,0,0,1,1
1,1,0,1,0,0,0,1,1,0,1,1,1,0,1,0,0,0,0,1,0
1,1,1,0,0,0,0,0,0,1,0,0,1,1,0,1,0,0,0,1,0
0,1,0,1,0,1,0,1,0,1,0,1,1,1,1,0,1,0,0,0,1
0,0,0,0,1,0,0,0,0,0,1,1,0,1,0,0,0,1,0,1,1
0,1,1,1,1,1,0,0,0,1,1,1,0,1,0,1,1,0,0,0,1
0,0,1,0,1,1,1,1,1,0,1,1,1,1,0,1,0,0,0,0,1
1,1,1,1,0,0,0,1,0,1,1,0,1,1,0,0,0,0,1,0,1
0,0,1,0,1,1,0,1,1,1,1,0,0,0,0,1,1,1,0,0,1
1,0,0,0,0,1,0,0,1,1,0,1,1,1,0,1,1,0,0,0,0
1,1,1,1,0,0,1,0,0,1,0,1,0,0,0,0,0,0,0,0,1
0,1,0,0,1,1,0,0,1,1,1,0,1,1,1,0,1,1,0,0,1
0,1,0,0,0,0,1,0,0,0,0,0,0,0,0,0,1,1,1,0,0
1,0,1,1,1,0,1,0,0,0,0,1,1,0,1,0,0,1,0,0,1
0,0,1,1,0,1,1,0,0,0,1,1,0,1,1,0,1,1,0,1,1
0,1,1,1,1,1,0,1,0,1,0,0,1,1,0,1,0,1,0,0,1
0,0,0,0,1,0,0,1,0,0,1,0,0,0,1,0,1,1,1,0,1
0,1,1,0,1,0,0,1,0,1,1,1,1,1,0,0,1,0,1,0,1
1,0,1,1,0,0,1,0,1,0,1,0,0,0,1,0,0,0,1,0,1
1,1,0,1,0,0,1,1,1,0,0,0,1,1,1,1,1,1,0,0,0
1,0,1,0,0,1,0,0,1,0,0,0,0,1,1,0,1,1,0,0,0
0,1,0,1,0,0,1,1,1,0,1,0,1,0,0,1,1,0,0,1,1
0,0,1,1,1,0,1,0,0,1,1,1,1,1,0,1,1,0,0,0,1
0,0,0,0,0,0,1,0,1,1,0,1,1,0,1,0,0,0,0,1,1
1,1,0,0,1,0,0,1,0,0,0,1,0,0,0,0,0,0,0,0,1
0,0,0,0,1,0,0,1,0,1,1,1,0,1,1,1,1,0,1,1,1
1,0,0,0,1,0,0,1,0,1,1,1,0,0,0,0,0,1,1,0,1
0,0,1,1,0,0,0,1,0,1,1,0,1,0,1,1,0,1,1,0,1
1,0,0,0,0,1,0,1,1,1,1,0,0,0,1,1,0,0,1,0,0
1,1,1,0,1,1,0,0,1,0,1,0,1,1,0,1,0,1,0,0,1
0,1,1,1,1,1,0,1,0,0,0,1,1,0,0,1,0,0,1,0,1
1,1,0,1,1,0,1,0,1,0,0,0,0,0,1,0,0,0,1,1,1
0,0,1,0,0,0,1,1,1,0,1,0,0,1,1,1,0,0,0,1,1
1,0,1,1,1,1,1,1,0,0,0,1,1,1,1,1,1,1,1,1,1
0,0,1,1,0,1,0,1,1,0,0,0,0,0,0,0,0,0,1,0,1
0,0,1,1,0,1,0,1,1,1,1,0,0,1,0,1,1,0,1,0,1
0,0,1,1,0,0,0,0,0,0,0,0,1,0,0,1,0,0,1,1,1
1,1,0,1,0,0,0,1,0,0,1,1,1,0,0,0,0,0,0,0,0
1,0,0,0,0,0,0,0,1,0,1,1,1,0,0,1,0,0,1,0,0
1,0,0,1,0,1,1,1,1,0,1,1,1,1,0,1,1,0,0,1,1
0,1,0,1,1,1,0,1,0,1,0,0,1,0,0,0,0,0,1,1,1
0,1,0,1,1,1,0,0,1,1,0,1,0,0,0,1,0,1,1,1,1
0,0,0,1,0,1,1,1,0,0,1,0,0,1,1,1,0,0,0,0,1
1,0,1,0,1,0,1,0,0,1,1,1,0,0,1,0,1,1,0,1,1
1,0,1,0,0,0,1,1,0,1,0,0,1,1,0,1,0,0,0,0,0
0,1,1,1,0,1,1,0,0,0,0,0,0,0,0,0,0,0,0,0,1
0,0,0,0,1,0,0,1,1,0,0,0,1,0,1,0,0,0,1,1,1
1,0,0,0,0,0,0,0,1,1,0,0,0,1,1,0,1,0,0,1,0
0,1,0,0,1,1,0,1,1,1,0,1,1,1,0,1,1,0,1,0,1
0,1,1,0,1,1,0,0,0,1,0,0,0,0,1,1,0,0,1,0,1
1,1,0,0,0,1,1,0,0,0,0,0,1,1,1,0,0,1,1,0,0
1,0,0,0,1,0,0,1,1,0,0,0,1,1,1,0,1,0,0,1,1
1,1,0,1,0,0,1,0,0,1,0,1,0,1,1,1,0,0,0,0,0
0,1,0,1,0,1,0,1,1,1,0,0,0,0,1,0,1,1,0,1,1
0,0,1,0,1,1,1,1,1,0,1,1,0,1,1,1,1,0,1,1,1
1,0,0,0,0,1,0,0,1,1,0,1,0,0,1,1,0,1,0,1,0
1,0,0,1,0,1,1,1,0,0,0,1,1,1,1,0,1,0,0,1,1
1,1,1,1,0,0,1,0,0,0,0,1,1,1,0,1,1,1,0,1,1
1,0,1,1,0,0,1,1,0,1,0,0,1,0,1,1,1,0,0,0,1
0,1,1,1,0,0,1,0,0,0,1,1,1,0,0,1,0,1,1,0,1
1,0,1,0,1,1,1,0,1,0,1,1,1,0,1,1,0,1,1,0,1
1,0,0,1,0,0,0,0,1,0,1,1,1,1,1,1,1,0,1,1,1
0,0,0,1,0,1,0,1,0,0,1,1,0,0,0,1,1,1,1,1,1
1,1,0,0,0,1,1,0,0,1,0,0,1,0,0,0,1,1,1,0,0
1,1,0,0,1,0,0,1,1,0,0,0,1,1,1,1,0,1,0,0,1
0,1,1,1,0,0,1,1,1,0,1,1,1,1,0,1,0,0,0,1,1
1,1,1,1,1,0,0,0,1,1,1,1,1,0,1,1,1,1,1,0,1
0,0,1,1,1,0,0,0,0,1,1,0,1,1,0,0,0,0,0,0,1
0,1,0,0,0,1,1,0,0,0,0,0,0,0,0,0,1,0,0,1,0
0,1,1,0,0,1,1,0,1,1,1,0,1,1,0,1,0,0,0,1,1
0,0,1,1,1,0,0,1,1,1,0,0,0,1,0,1,1,1,0,1,1
1,0,0,1,1,0,1,0,0,0,1,0,1,0,1,0,1,1,1,1,1
0,1,1,0,1,1,0,0,0,1,1,0,1,1,1,1,0,0,0,1,1
0,1,0,1,0,0,0,1,0,0,0,1,0,0,1,0,0,1,1,0,1
0,1,1,0,0,0,0,0,1,1,1,1,0,1,0,0,0,0,1,1,1
1,0,1,0,1,0,0,1,1,1,1,1,0,1,0,1,0,0,1,1,1
0,1,0,1,1,0,1,0,1,0,1,0,0,1,0,1,1,0,1,1,1
0,0,0,0,0,0,1,1,0,1,0,1,1,0,0,1,1,0,1,1,1
1,1,0,1,0,1,1,0,1,1,0,1,0,0,1,1,0,1,1,0,0
0,1,1,0,0,0,1,1,0,0,0,1,1,1,0,0,1,1,0,0,1
1,0,1,0,1,1,1,1,0,1,0,1,0,1,0,1,1,0,0,0,1
0,0,1,0,0,1,1,0,1,0,1,1,0,1,1,1,1,1,0,0,1
0,0,1,0,0,0,0,0,1,1,0,1,0,0,0,0,0,0,0,0,1
0,1,1,0,0,1,1,1,0,1,1,0,0,1,0,0,0,0,1,0,1
0,1,1,1,1,1,1,0,1,0,1,0,0,0,1,0,0,0,1,1,1
0,0,1,1,1,1,1,1,1,0,1,1,1,0,0,1,0,0,0,1,1
0,1,1,1,1,1,0,1,1,1,0,0,1,1,0,1,1,1,1,0,1
0,1,1,0,1,1,1,0,1,1,0,1,1,1,0,0,0,0,1,1,1
0,1,1,1,1,0,1,0,0,0,0,0,1,0,1,0,1,0,1,1,1
0,0,1,1,0,0,1,1,1,1,1,1,1,1,0,1,1,0,1,0,1
1,0,0,0,0,0,1,1,0,0,0,0,1,1,0,0,0,1,1,1,0
0,1,1,1,0,1,0,0,1,0,0,1,0,1,0,0,0,0,0,0,1
0,0,0,1,0,0,1,0,0,1,1,0,0,1,0,0,0,0,1,0,1
0,0,1,1,1,1,1,0,0,1,1,1,1,0,1,0,1,0,1,0,1
1,1,0,1,1,1,1,0,0,1,0,1,1,0,0,0,1,0,1,1,1
0,1,1,1,1,0,1,1,0,1,0,0,1,1,1,0,1,0,0,1,1
0,0,1,1,1,0,0,0,0,1,1,0,1,0,1,0,1,0,1,0,1
1,0,0,1,0,1,0,0,0,0,0,1,1,1,1,0,0,0,1,1,1
1,1,0,1,1,0,0,0,0,0,0,1,1,0,0,0,1,1,0,1,1
1,0,0,0,1,1,0,1,1,0,0,1,0,1,0,0,1,0,1,1,1
1,1,0,0,1,0,1,0,0,1,0,0,1,0,1,0,1,0,0,0,1
1,0,0,0,1,1,0,0,1,0,1,1,1,1,1,1,1,0,1,0,1
1,1,0,1,1,1,1,0,0,0,1,1,0,1,1,1,1,0,0,1,1
0,0,1,1,0,0,0,0,1,0,0,1,0,0,1,1,0,0,1,0,1
1,0,0,0,0,0,1,0,0,1,0,1,0,1,1,1,1,0,0,1,0
0,0,1,1,1,0,0,1,1,1,1,0,1,0,1,1,0,0,0,0,1
1,1,1,1,0,0,1,1,1,0,1,1,1,1,0,0,0,0,0,0,1
1,0,1,1,0,0,0,1,1,1,1,1,1,1,1,1,1,0,1,1,1
1,1,0,1,0,0,1,0,1,0,1,0,1,1,1,1,1,0,0,1,0
1,0,1,1,0,0,1,1,1,1,0,1,1,0,0,0,1,0,0,0,1
1,1,1,0,1,1,1,1,1,1,1,0,0,0,0,1,1,0,1,0,1
1,1,0,1,0,1,0,1,1,1,0,1,1,0,0,1,1,1,1,0,0
0,1,0,0,0,0,1,1,1,1,0,1,0,0,1,0,0,0,1,0,0
0,1,0,1,0,0,1,1,0,0,0,1,0,1,1,1,1,1,1,1,1
1,0,1,1,1,1,0,0,1,0,1,0,1,0,1,0,0,1,0,1,1
0,1,0,0,1,1,1,0,1,1,0,0,0,0,0,1,1,0,0,0,1
1,1,1,1,0,0,0,0,1,1,0,1,0,0,1,1,1,1,1,0,1
1,0,0,1,1,0,1,1,1,1,1,1,1,0,1,0,0,0,0,0,1
0,1,0,0,0,1,1,1,0,0,1,1,0,0,0,0,1,0,0,0,0
0,1,1,0,1,0,0,0,1,1,0,1,1,0,0,0,0,1,0,0,1
1,1,1,0,0,1,1,0,1,1,0,1,1,0,0,1,0,0,0,1,0
1,1,0,1,1,0,1,1,1,0,0,1,0,1,0,0,0,1,0,0,1
0,0,1,1,1,1,0,0,1,1,1,0,0,1,1,0,0,0,1,1,1
0,1,1,0,0,0,1,1,0,0,0,0,1,0,0,1,0,1,1,1,1
1,1,0,0,1,0,1,0,1,0,0,1,1,1,0,0,0,1,0,1,1
0,1,0,0,1,0,1,1,1,1,0,0,1,1,0,1,0,0,1,1,1
0,0,0,1,1,1,0,0,1,0,0,1,0,1,0,1,1,1,0,0,1
1,1,1,0,1,1,0,1,0,1,0,1,1,1,1,0,0,1,1,0,1
1,0,0,0,0,1,1,1,0,1,1,0,1,0,0,0,0,1,1,0,0
0,1,1,1,1,0,1,1,1,1,0,1,0,0,0,1,0,1,1,1,1
0,1,1,0,1,0,0,1,1,0,0,0,1,0,1,1,0,1,1,1,1
0,1,1,0,0,0,1,0,0,0,0,1,0,0,0,1,0,0,1,1,1
1,1,0,0,1,0,0,0,1,1,0,0,0,1,0,1,0,0,1,0,1
1,1,0,0,1,1,1,0,1,0,1,0,1,1,1,1,0,0,0,0,1
1,1,1,0,1,1,0,0,0,0,0,1,1,0,1,0,0,0,0,1,1
0,1,1,1,0,1,0,1,0,0,0,0,0,0,1,1,1,0,0,0,1
1,0,0,1,1,0,1,0,0,0,0,0,1,0,0,0,0,1,1,0,1
0,0,1,0,0,1,1,1,0,1,0,1,0,1,0,0,1,1,0,1,1
1,1,1,1,0,0,0,1,1,0,1,1,1,0,1,0,0,1,0,1,1
1,0,0,0,1,1,0,0,1,0,0,1,1,0,0,1,0,1,0,0,1
0,0,1,1,0,0,0,1,1,1,1,1,1,0,0,1,1,1,1,1,1
0,1,0,1,0,0,0,1,0,1,1,0,0,0,1,0,1,1,0,0,1
1,0,0,1,0,0,0,0,1,1,1,1,0,1,1,0,0,0,0,0,1
0,1,1,1,1,0,0,1,0,1,0,0,1,1,1,0,0,1,0,1,1
0,0,0,0,1,1,1,0,1,1,0,0,0,0,0,1,0,1,0,1,1
0,0,1,1,0,0,0,0,1,1,1,0,1,1,0,0,0,0,0,1,1
0,0,0,0,1,1,1,0,1,1,0,0,0,0,0,0,1,0,1,1,1
1,0,0,0,0,1,0,0,1,1,0,1,0,1,1,0,0,1,1,1,0
1,1,0,0,0,1,0,0,0,1,1,0,1,1,1,1,0,0,1,1,0
0,1,1,0,1,1,0,1,0,1,1,1,1,0,1,0,0,1,0,1,1
1,1,0,0,1,0,0,1,0,0,0,0,1,0,0,1,0,1,1,1,1
0,0,0,1,0,1,1,0,1,1,1,0,0,1,1,1,1,0,1,1,1
1,1,0,1,0,1,0,0,1,0,0,1,0,0,0,0,1,0,1,1,0
0,0,1,0,1,1,0,1,1,0,0,0,1,1,1,0,0,1,0,1,1
1,0,1,0,0,0,0,0,0,0,0,1,0,0,1,0,1,1,1,0,0
1,0,0,0,0,0,0,0,1,0,0,0,0,1,0,1,1,0,0,1,0
1,1,0,0,1,0,1,0,1,0,0,1,0,1,1,0,1,0,1,1,1
1,0,1,0,1,0,1,0,1,0,0,0,0,1,0,0,1,1,0,0,1
0,1,1,0,0,0,1,0,1,1,0,1,0,0,0,0,0,0,1,1,1
0,1,0,0,1,1,0,1,1,1,0,0,0,0,0,0,0,0,0,0,1
0,1,0,0,0,1,1,0,1,0,0,0,0,0,1,1,1,1,0,0,0
0,1,0,1,0,0,0,1,1,1,0,0,0,1,0,1,1,0,0,0,1
1,0,1,0,0,1,1,0,0,0,0,0,0,1,1,0,0,1,1,0,0
0,0,1,0,1,1,0,1,1,0,1,0,0,1,1,1,1,0,0,1,1
1,0,1,1,1,0,0,1,1,0,1,1,1,1,1,1,1,0,1,1,1
0,1,0,1,1,1,0,1,1,1,1,0,1,0,0,0,1,1,0,0,1
1,0,1,0,1,0,1,0,1,1,0,1,1,1,1,0,0,1,0,1,1
1,0,1,1,0,0,1,1,0,1,0,0,1,1,1,1,1,0,1,0,1
1,1,1,1,1,1,0,0,1,0,0,1,1,1,0,0,0,0,0,0,1
0,0,1,1,0,0,1,1,0,0,1,0,1,0,0,1,0,1,0,0,1
1,1,1,0,0,1,0,0,0,0,0,0,0,1,1,0,0,0,1,1,0
1,1,0,0,0,0,0,0,1,0,0,0,1,0,0,0,1,0,1,1,0
0,0,1,0,0,0,0,1,1,1,0,1,1,0,1,1,0,1,1,1,1
0,0,1,0,1,1,1,1,0,1,0,0,0,0,0,1,0,0,0,1,1
0,0,0,1,1,1,1,0,0,0,0,1,0,1,0,1,0,0,0,1,1
0,0,1,1,0,1,1,0,0,1,0,0,1,1,0,0,1,1,1,0,1
1,0,1,0,0,0,0,1,0,1,0,1,0,1,0,0,0,0,0,0,0
0,1,0,1,0,1,1,0,1,1,0,1,0,1,1,0,0,1,1,1,1
1,0,0,1,0,0,0,1,1,1,1,0,1,0,1,1,0,1,1,1,1
0,0,0,0,1,0,1,1,1,0,1,1,0,0,0,0,1,1,1,0,1
1,1,1,0,0,1,0,0,1,0,1,0,1,1,1,0,0,1,0,0,0
0,1,1,0,1,0,1,1,1,1,1,1,1,1,1,1,1,1,1,1,1
1,1,1,0,0,0,1,1,1,1,1,0,1,1,1,0,1,0,0,1,0
1,1,0,1,0,1,0,1,0,1,1,0,0,1,0,0,0,1,0,0,0
1,1,1,0,1,0,0,1,1,1,0,0,1,0,0,0,0,0,0,1,1
0,0,1,0,0,0,0,0,0,1,1,1,0,0,1,0,0,0,0,1,1
1,1,1,1,1,1,0,0,1,0,1,1,0,0,1,0,1,0,1,1,1
0,1,1,1,0,0,0,0,0,0,1,0,1,1,1,1,1,1,0,0,1
0,0,0,0,1,0,1,1,0,0,1,0,1,0,1,1,1,1,0,1,1
1,0,1,0,1,0,1,0,0,0,1,1,1,0,1,0,0,1,1,0,1
1,1,0,1,1,1,1,0,1,0,0,1,0,0,1,0,1,0,1,0,1
1,1,1,0,0,0,1,1,1,1,0,1,1,1,0,0,1,1,1,1,0
0,1,0,0,0,0,1,1,0,1,0,0,1,1,1,1,1,0,0,1,0
0,1,1,1,1,1,0,1,0,0,1,1,1,0,1,0,1,1,1,1,1
0,0,1,0,1,0,0,0,0,1,1,1,0,1,0,0,1,0,1,1,1
1,0,1,1,1,0,1,1,0,1,0,1,1,1,0,0,1,1,0,0,1
1,0,1,0,0,1,1,1,0,0,1,1,0,0,0,1,0,1,1,1,0
0,1,0,0,1,0,0,1,0,1,1,1,0,1,0,0,1,1,0,0,1
1,0,0,0,1,1,1,1,0,1,1,1,0,1,0,1,0,0,0,1,1
0,0,0,1,1,1,1,1,1,1,0,0,1,0,1,1,1,0,0,0,1
0,0,0,1,0,1,1,0,0,0,1,0,0,0,1,1,1,0,1,1,1
1,0,0,0,1,1,1,1,0,0,0,1,1,0,1,0,0,0,1,1,1
0,1,0,0,1,0,0,0,0,0,0,0,1,1,1,1,1,0,1,0,1
1,1,1,1,1,1,0,1,1,1,0,1,0,0,1,1,1,1,0,1,1
1,0,0,1,0,1,1,0,1,1,0,1,1,1,0,1,0,1,1,0,1
1,0,1,1,0,1,1,1,1,0,1,0,1,1,1,0,0,0,0,0,1
1,0,0,1,0,0,1,0,1,0,0,0,1,0,1,1,1,0,1,0,1
0,0,1,1,0,0,1,0,1,1,1,1,1,1,1,1,0,1,1,1,1
0,1,1,1,1,1,0,1,1,0,0,1,0,0,0,1,0,0,1,0,1
1,1,1,0,0,1,1,1,1,0,1,1,0,1,1,0,0,0,0,1,0
1,0,1,1,1,1,0,0,0,0,0,0,1,1,1,1,0,0,1,0,1
0,0,1,1,1,0,0,0,1,1,0,1,1,1,0,1,1,0,0,1,1
1,1,0,0,0,1,1,1,1,0,0,0,0,0,1,1,0,0,1,1,0
0,1,0,1,1,0,0,0,1,0,1,1,1,1,1,0,1,0,0,0,1
1,0,1,0,0,0,1,1,1,1,0,1,1,1,1,1,1,0,0,0,0
1,1,0,1,1,1,1,1,0,1,0,1,1,1,1,0,1,1,0,1,1
0,0,0,1,1,1,1,0,1,0,1,1,0,0,0,0,0,0,0,1,1
0,1,1,0,1,0,1,1,1,0,1,0,0,0,0,1,0,1,1,1,1
0,0,0,1,0,0,1,0,1,1,1,1,0,1,0,1,1,0,0,1,1
1,0,1,0,1,0,1,0,1,0,1,0,0,1,1,0,1,1,1,0,1
0,1,1,1,1,0,0,0,0,1,0,0,0,1,1,0,1,0,1,0,1
0,0,0,1,1,0,1,0,0,0,1,1,0,1,0,0,0,1,1,1,1
0,0,1,1,1,0,1,0,0,1,1,1,0,0,0,1,0,1,0,0,1
1,0,1,1,0,0,0,0,0,0,0,0,0,1,0,1,0,1,1,0,1
0,1,1,0,0,1,1,0,1,1,0,0,1,1,0,1,1,0,1,1,1
1,0,1,0,1,0,0,0,1,0,0,1,1,0,0,1,0,0,1,1,1
1,0,0,0,1,0,0,1,0,1,1,0,1,1,0,1,1,0,0,0,1
0,0,1,1,1,0,1,1,1,1,1,1,0,1,0,1,0,1,1,1,1
0,1,0,1,0,1,1,0,1,0,0,0,1,0,0,0,0,1,0,0,1
0,1,1,0,1,1,0,1,0,1,0,1,1,0,1,1,1,1,1,1,1
1,1,0,0,1,0,0,0,0,1,1,1,1,1,0,0,0,0,0,1,1
0,0,1,0,0,1,0,1,0,1,0,0,1,1,1,0,0,0,1,0,1
1,1,0,1,0,1,1,1,0,1,0,1,1,1,1,1,1,1,1,1,0
1,1,0,0,1,0,0,1,1,1,1,0,0,1,0,1,0,1,1,0,1
0,0,0,0,0,0,1,1,0,1,1,0,1,1,0,0,0,1,1,0,1
1,1,0,1,0,1,1,1,1,0,0,0,1,0,0,1,0,0,0,0,0
0,0,1,0,0,1,1,1,0,0,1,0,0,1,0,1,1,0,1,1,1
1,0,0,1,0,0,0,0,1,0,0,1,0,1,0,0,0,0,1,0,1
0,1,1,0,0,1,0,1,1,0,0,1,0,1,0,1,1,0,0,0,1
0,0,0,1,1,0,1,1,0,1,0,1,0,1,1,1,0,0,0,1,1
1,1,0,1,1,0,0,0,1,1,0,1,1,1,0,0,0,1,1,1,1
1,0,1,0,1,0,1,0,0,1,0,0,1,1,1,0,1,0,1,1,1
0,1,0,0,0,0,0,1,0,1,1,1,0,1,1,1,0,0,0,0,0
1,0,1,0,0,1,1,1,1,0,0,0,1,0,0,1,0,1,0,1,0
0,0,0,1,1,0,0,1,1,1,1,0,1,0,0,1,1,1,1,0,1
0,1,1,0,1,1,0,0,1,0,1,0,0,0,1,1,1,0,1,1,1
0,1,1,1,0,0,1,0,1,0,1,0,1,0,1,0,0,0,1,1,1
0,1,1,1,1,1,1,1,0,1,0,1,1,0,0,1,1,1,1,1,1
1,0,1,0,0,0,1,0,1,0,0,0,1,1,0,1,1,1,0,1,0
0,1,0,1,1,1,1,1,0,0,0,1,1,0,1,1,1,0,1,0,1
1,0,1,0,1,0,0,1,0,0,0,1,0,1,1,0,0,0,1,1,1
1,0,0,1,1,1,0,0,0,0,1,0,0,1,0,0,0,0,0,0,1
0,1,0,0,0,0,1,1,1,0,1,0,0,0,1,0,1,0,1,0,0
0,1,1,1,1,1,0,0,0,0,0,0,1,1,0,1,0,0,1,0,1
0,1,1,0,1,1,1,1,0,0,0,0,1,1,0,1,1,1,0,0,1
0,1,1,1,0,1,0,0,1,1,1,1,0,1,1,0,0,0,1,0,1
1,0,1,0,1,0,0,1,0,0,0,0,1,0,1,1,1,1,1,1,1
1,1,0,0,1,0,1,1,1,0,1,1,0,1,0,1,1,1,1,1,1
0,0,1,1,0,0,1,1,0,1,1,0,0,1,0,0,1,1,0,1,1
1,1,1,1,1,0,1,0,0,0,1,1,0,0,0,1,1,0,0,1,1
0,1,1,1,0,0,0,0,1,1,0,0,1,0,0,0,0,1,0,0,1
1,0,0,1,0,1,0,1,0,1,0,0,1,1,0,1,0,1,1,0,1
1,1,1,1,0,1,0,0,1,0,1,0,1,1,0,0,0,0,0,1,1
1,0,0,1,1,0,1,1,1,0,0,0,0,1,1,1,1,1,1,1,1
1,0,0,1,1,0,0,0,0,0,1,0,1,1,0,1,0,0,1,1,1
0,1,1,1,1,0,1,0,1,0,0,1,0,1,0,0,0,1,1,0,1
1,1,1,1,0,1,1,0,0,0,0,1,0,1,0,1,0,1,1,0,1
1,1,0,1,1,1,1,1,0,0,1,0,1,1,0,1,0,1,1,0,1
0,0,1,1,0,0,0,0,0,1,1,1,1,1,0,1,0,0,1,0,1
1,0,1,0,1,1,1,1,0,1,0,1,1,1,0,1,1,1,0,1,1
0,1,0,1,0,0,0,0,1,1,0,0,0,1,1,1,0,1,1,1,1
0,1,0,1,0,0,1,0,0,1,0,0,0,1,1,0,1,1,0,0,1
1,0,0,1,0,0,1,1,0,0,0,0,1,0,1,1,1,0,0,0,1
0,1,0,0,1,0,1,0,0,1,0,0,0,1,0,0,0,0,1,0,1
1,0,1,0,1,1,0,0,1,0,1,1,1,1,1,1,1,0,0,0,1
1,0,0,0,0,0,0,0,0,1,0,0,1,0,0,0,0,0,0,0,0
0,1,1,0,1,0,0,0,1,0,1,0,0,1,0,1,1,1,1,0,1
0,1,1,0,0,0,1,0,1,1,0,0,0,0,1,1,0,0,1,0,1
1,1,0,1,0,0,0,0,1,1,0,0,0,0,1,0,0,0,1,1,0
1,0,0,0,0,0,0,0,0,0,1,0,0,1,0,1,1,1,1,0,0
0,0,1,1,1,0,0,1,1,1,1,1,0,0,1,0,1,0,0,0,1
0,0,0,0,1,0,0,1,1,1,0,0,1,0,0,1,0,1,0,0,1
1,1,0,0,0,1,1,0,0,1,1,0,1,0,1,1,0,1,1,1,0
0,0,1,0,0,0,1,1,0,1,0,1,1,1,1,0,0,1,1,0,1
0,1,1,1,0,0,1,0,0,0,1,1,1,0,1,1,0,0,1,0,1
1,1,1,0,0,0,0,0,1,0,0,1,1,0,1,1,1,1,1,1,0
0,1,1,1,1,0,1,1,0,0,1,1,1,0,1,1,1,1,1,1,1
1,0,0,0,0,1,0,1,1,0,1,0,1,1,0,0,0,0,0,0,0
1,1,0,1,1,1,1,0,1,1,0,1,0,1,0,1,1,1,0,0,1
0,1,1,1,1,0,0,1,1,0,0,0,1,0,1,1,1,0,1,1,1
1,0,1,0,1,0,1,0,1,0,1,0,1,0,1,1,1,0,0,1,1
0,1,1,1,1,0,1,1,0,1,0,0,0,0,0,0,1,1,1,1,1
1,1,1,1,1,0,1,1,0,0,0,0,1,0,1,0,1,0,0,0,1
0,1,1,1,1,0,0,0,0,1,0,1,1,0,0,1,1,1,1,0,1
0,0,0,1,0,1,0,0,1,0,0,0,0,0,1,1,1,1,1,1,1
0,0,0,1,1,0,0,1,0,0,0,1,0,1,0,1,0,0,1,0,1
1,0,1,1,1,0,1,0,1,1,0,0,0,1,0,0,0,1,0,0,1
0,0,0,1,0,1,1,0,0,0,1,1,0,0,0,1,1,1,0,0,1
0,0,1,1,1,0,0,1,0,0,1,1,0,0,1,1,0,1,0,1,1
1,0,0,0,1,1,0,1,0,1,0,1,1,1,1,0,1,1,1,1,1
0,0,0,1,0,0,1,1,1,1,1,1,0,1,1,1,0,0,1,0,1
0,0,0,0,0,0,1,1,0,1,1,1,1,0,1,0,0,0,1,0,1
0,0,1,1,1,1,1,1,0,0,0,0,0,1,0,1,1,1,0,0,1
1,0,1,1,1,0,1,1,0,1,0,1,0,0,1,0,1,1,1,1,1
0,0,0,1,1,1,1,0,1,0,1,1,0,1,0,0,0,0,1,1,1
0,0,0,0,1,0,0,1,0,0,0,1,1,1,0,1,1,0,1,1,1
1,0,1,0,1,0,0,1,0,1,0,1,0,0,0,1,0,1,0,0,1
0,0,1,0,1,1,0,1,0,1,1,1,0,0,0,1,0,0,1,1,1
1,1,0,1,1,0,1,1,0,0,1,1,1,0,1,0,0,1,1,0,1
0,1,0,0,1,0,1,0,0,0,0,0,1,1,0,1,0,1,1,1,1
1,0,0,0,0,0,0,1,0,0,1,0,1,1,0,1,0,1,1,1,0
0,1,1,0,0,1,0,1,1,0,1,0,1,0,0,0,0,1,1,1,1
0,0,0,0,1,0,0,0,0,0,1,0,1,0,1,1,1,0,1,0,1
1,0,0,0,0,1,0,1,1,0,0,1,0,0,0,1,0,0,1,0,0
1,1,0,0,0,0,1,0,0,0,0,1,0,0,0,1,1,1,0,1,0
1,0,1,0,1,1,1,1,0,0,1,1,1,0,1,0,1,0,1,1,1
0,1,1,0,0,1,0,0,1,0,1,1,1,1,0,0,1,1,1,0,1
1,1,1,0,0,0,1,0,0,1,0,1,0,0,0,1,1,0,1,0,0
0,1,1,1,0,1,1,0,1,1,0,1,1,0,1,1,0,0,1,0,1
1,0,0,0,0,0,1,0,0,1,1,0,0,0,0,1,1,1,0,1,0
0,1,0,0,0,0,1,1,1,1,1,1,1,0,1,0,0,1,1,1,0
1,0,1,0,0,1,1,0,1,1,0,0,1,1,1,1,0,1,0,0,0
0,0,0,0,1,1,1,0,0,0,1,0,1,0,1,1,1,1,0,1,1
0,0,1,1,0,1,0,0,0,0,1,1,0,0,1,1,1,0,0,0,1
0,0,1,0,1,0,1,0,0,1,0,1,0,1,0,1,1,0,0,0,1
0,1,0,1,0,0,1,1,0,1,1,0,1,1,0,0,0,1,0,1,1
0,1,1,1,1,0,1,1,1,1,0,0,0,1,0,1,0,0,0,1,1
0,0,0,0,0,1,1,0,0,0,1,0,0,0,0,1,1,0,0,0,1
1,1,0,1,0,1,0,0,0,1,0,0,0,0,0,1,1,0,0,1,0
1,0,0,1,0,1,1,0,0,1,0,1,0,0,0,1,0,1,1,0,1
0,0,1,0,0,0,1,1,0,1,0,1,1,0,0,1,0,0,0,0,1
1,1,1,0,0,0,0,1,0,0,0,1,1,1,0,0,1,1,0,1,0
0,0,1,0,0,1,0,0,0,1,0,0,1,1,0,0,1,1,0,1,1
0,1,0,0,0,0,0,0,0,0,0,0,0,0,0,1,1,0,1,1,0
1,0,1,1,1,0,1,0,1,1,1,1,1,1,1,0,1,0,0,0,1
1,0,0,0,0,0,0,0,1,1,1,0,0,1,1,1,0,1,1,0,0
0,0,1,0,1,0,0,0,0,1,0,0,0,0,0,0,0,0,1,0,1
0,1,1,1,0,1,0,0,0,0,1,0,1,1,1,0,0,1,0,1,1
1,0,0,0,0,0,1,0,0,1,1,1,0,1,0,0,0,1,0,0,0
0,0,1,1,1,0,0,1,0,0,1,1,0,1,0,0,0,0,0,0,1
1,0,1,1,1,1,0,1,1,0,0,0,1,1,0,1,1,1,1,0,1
1,1,0,1,0,1,0,1,0,0,0,1,0,0,0,0,0,1,1,1,0
0,0,1,0,1,1,1,1,0,0,0,1,1,0,0,0,1,1,1,0,1
1,1,0,1,0,0,1,1,1,0,1,1,1,0,0,0,0,1,0,1,0
0,0,0,0,0,1,1,1,1,0,1,1,1,0,0,0,1,1,0,1,1
1,0,1,1,0,0,1,1,1,1,1,1,0,1,1,0,0,1,1,0,1
1,0,1,1,1,1,1,0,1,1,1,1,0,0,1,0,1,1,1,0,1
1,0,0,0,0,1,0,0,0,1,1,0,0,0,1,1,0,1,1,1,0
0,1,0,0,1,1,0,0,0,0,1,1,1,0,0,0,0,1,1,0,1
0,0,0,1,0,1,1,1,1,0,0,0,1,1,1,0,1,1,1,1,1
0,0,0,1,0,1,0,0,1,0,0,1,0,0,0,0,1,0,1,0,1
1,0,1,1,1,1,0,0,1,0,0,0,0,1,0,1,1,1,0,1,1
0,1,1,0,1,0,1,0,1,1,0,1,1,1,0,1,1,0,0,1,1
0,0,0,1,0,1,1,1,1,1,1,0,0,1,0,1,0,1,1,1,1
0,1,0,0,0,1,0,0,0,0,0,1,1,1,1,0,1,0,0,0,0
1,0,0,1,0,1,0,1,0,0,0,0,0,1,1,0,0,1,0,1,1
0,0,1,1,0,1,0,1,0,0,1,1,1,0,1,1,0,0,0,1,1
0,0,1,0,1,1,0,1,1,1,0,0,1,0,0,1,0,1,0,1,1
0,1,0,1,1,0,1,1,0,1,1,1,1,0,1,1,0,1,0,0,1
0,1,1,0,1,0,1,1,1,1,1,0,1,1,0,0,1,1,1,0,1
0,1,0,1,0,0,0,0,1,0,0,1,1,0,1,1,1,0,0,0,1
0,0,1,1,0,1,1,0,1,0,0,0,0,1,1,0,0,0,1,0,1
1,0,0,1,1,0,0,1,0,0,0,1,1,1,1,1,0,0,0,0,1
1,0,0,1,1,1,0,1,0,1,0,0,1,0,0,1,0,0,1,0,1
0,1,0,0,1,1,0,1,1,1,0,0,0,0,0,1,0,1,0,1,1
1,1,1,1,0,1,1,1,1,1,0,1,1,1,0,1,0,1,1,1,1
1,0,1,0,0,1,1,1,1,0,0,1,0,0,1,1,0,0,1,0,0
1,1,0,0,1,1,1,1,1,0,1,1,0,0,0,1,1,0,1,0,1
1,1,1,1,0,1,1,1,1,0,0,1,1,1,1,1,0,0,1,1,1
1,1,1,1,1,0,0,0,1,0,1,0,0,0,1,1,0,0,0,0,1
1,1,0,1,0,1,0,0,0,1,0,0,1,0,1,0,1,1,1,1,0
1,0,0,1,1,1,0,1,1,0,0,1,0,1,0,1,0,0,0,1,1
0,1,0,0,0,1,1,1,1,0,0,1,1,0,0,0,1,1,1,1,0
1,0,0,0,0,1,0,1,1,0,0,0,0,1,0,0,1,0,0,1,0
1,0,1,1,1,0,1,0,1,1,1,0,0,0,0,0,1,0,1,1,1
1,1,0,1,0,0,1,1,0,1,0,0,1,1,1,0,1,0,0,1,0
0,0,0,1,1,1,0,1,1,1,0,1,0,1,0,1,0,0,0,1,1
0,0,0,0,0,1,0,0,0,0,1,0,0,1,1,0,1,0,1,1,1
0,0,0,0,1,0,1,0,0,0,0,0,1,1,1,1,1,1,1,1,1
0,1,1,1,1,1,0,1,1,0,1,1,1,0,1,1,0,0,0,1,1
1,0,0,1,1,1,1,0,0,1,1,1,0,1,1,1,0,0,0,1,1
0,1,0,1,1,1,0,1,0,0,0,0,1,0,0,1,1,0,1,0,1
1,0,0,0,0,0,0,1,1,0,1,1,0,1,1,1,1,0,0,0,0
0,1,1,1,1,0,1,1,0,1,0,0,0,1,1,1,0,1,0,0,1
1,0,1,0,1,1,1,0,0,1,0,0,1,0,0,0,1,0,0,0,1
1,0,0,1,0,0,0,1,0,0,1,1,1,1,0,1,0,1,1,0,1
0,1,0,0,1,0,0,1,0,0,0,1,0,1,0,1,0,0,0,0,1
1,1,1,0,1,0,1,0,1,1,0,0,1,1,1,1,0,1,0,0,1
1,0,1,0,1,0,1,1,1,1,0,0,1,0,0,1,0,0,1,0,1
0,1,0,0,0,0,0,0,0,0,0,0,0,1,1,0,0,0,1,0,0
0,1,0,1,0,0,1,0,0,0,1,0,1,1,0,1,1,0,0,1,1
0,0,1,0,1,0,0,0,1,1,1,0,1,0,0,0,0,0,0,0,1
0,1,1,0,1,0,0,0,1,0,0,0,1,1,0,0,1,1,0,1,1
1,1,0,0,0,0,1,1,1,0,1,0,1,0,0,1,1,0,0,1,0
1,1,0,1,0,1,0,0,1,1,0,0,0,0,1,1,0,1,1,1,0
0,0,1,0,1,1,0,1,0,0,0,0,0,0,1,1,1,1,0,0,1
1,0,1,0,0,0,1,0,1,0,0,1,1,1,0,0,0,0,0,0,0
1,0,1,1,0,1,0,0,1,0,0,1,1,1,1,1,1,1,0,1,1
0,0,0,1,0,0,1,0,0,1,1,1,1,1,0,0,0,0,0,0,1
1,1,0,0,1,0,0,0,1,0,0,1,1,0,0,1,1,1,1,1,1
1,1,1,0,1,1,0,0,1,1,0,1,0,1,1,1,1,1,1,0,1
1,1,1,0,0,0,0,0,0,1,1,0,1,0,1,0,1,0,1,1,0
1,1,0,1,0,1,0,1,1,1,1,1,1,1,1,0,0,0,0,1,0
1,0,1,1,1,1,0,1,1,1,0,1,1,0,1,1,1,1,1,1,1
1,1,1,1,0,1,0,0,1,0,1,0,0,1,1,1,0,0,1,1,1
0,0,0,1,1,1,0,1,0,1,1,1,1,1,0,1,0,1,0,0,1
0,0,1,0,0,0,0,1,1,0,0,0,0,0,1,1,0,0,0,1,1
1,1,0,0,1,0,1,0,1,0,1,0,0,0,0,1,1,0,1,1,1
0,0,0,1,1,1,1,0,1,0,0,1,0,1,0,0,0,1,0,1,1
0,1,1,1,0,0,0,0,1,1,1,1,0,1,1,0,1,1,1,0,1
0,0,0,0,1,1,0,0,0,1,1,0,0,0,0,0,0,1,1,1,1
1,0,0,0,1,1,1,1,0,0,1,0,0,1,0,1,1,0,0,0,1
1,1,1,1,1,1,0,1,0,1,1,1,0,0,0,1,0,1,1,1,1
0,0,1,0,0,1,1,1,0,0,1,1,1,1,1,0,0,0,0,1,1
0,0,0,1,0,1,0,0,0,0,1,0,1,0,1,1,0,0,1,0,1
0,0,1,0,0,1,1,1,0,0,0,1,1,0,0,0,0,0,0,0,1
0,1,0,1,0,1,1,1,0,0,0,0,1,1,0,1,1,0,1,1,1
1,1,0,1,1,0,0,1,0,1,0,0,0,0,0,0,0,0,0,1,1
1,0,1,0,1,0,1,1,1,0,0,0,0,1,0,1,0,0,0,0,1
1,1,1,1,1,0,0,0,1,1,1,0,0,0,0,0,0,1,1,0,1
0,1,1,1,1,1,1,1,1,1,0,0,1,1,1,1,1,1,1,1,1
0,0,0,0,1,0,1,1,1,0,0,1,0,0,1,0,0,1,0,1,1
0,1,0,0,0,0,0,0,1,0,1,1,1,1,1,1,0,1,1,0,0
